"Time","Region Code","Region","Total land area (Incl. the northern territories and Takeshima)【ha】","Annotation"
"1975","00000","Japan","37753499",""
"1975","01000","Hokkaido","8351287",""
"1975","02000","Aomori-ken","961429",""
"1975","03000","Iwate-ken","1527739",""
"1975","04000","Miyagi-ken","729094",""
"1975","05000","Akita-ken","1160934",""
"1975","06000","Yamagata-ken","932611",""
"1975","07000","Fukushima-ken","1378159",""
"1975","08000","Ibaraki-ken","608959",""
"1975","09000","Tochigi-ken","641379",""
"1975","10000","Gumma-ken","635561",""
"1975","11000","Saitama-ken","379932",""
"1975","12000","Chiba-ken","511482",""
"1975","13000","Tokyo-to","214538",""
"1975","14000","Kanagawa-ken","239080",""
"1975","15000","Niigata-ken","1257737",""
"1975","16000","Toyama-ken","425216",""
"1975","17000","Ishikawa-ken","419608",""
"1975","18000","Fukui-ken","418834",""
"1975","19000","Yamanashi-ken","446348",""
"1975","20000","Nagano-ken","1358462",""
"1975","21000","Gifu-ken","1059575",""
"1975","22000","Shizuoka-ken","777184",""
"1975","23000","Aichi-ken","511373",""
"1975","24000","Mie-ken","577359",""
"1975","25000","Shiga-ken","401600",""
"1975","26000","Kyoto-fu","461279",""
"1975","27000","Osaka-fu","185840",""
"1975","28000","Hyogo-ken","836294",""
"1975","29000","Nara-ken","369215",""
"1975","30000","Wakayama-ken","472241",""
"1975","31000","Tottori-ken","349178",""
"1975","32000","Shimane-ken","662680",""
"1975","33000","Okayama-ken","707857",""
"1975","34000","Hiroshima-ken","845518",""
"1975","35000","Yamaguchi-ken","609545",""
"1975","36000","Tokushima-ken","414497",""
"1975","37000","Kagawa-ken","187931",""
"1975","38000","Ehime-ken","566422",""
"1975","39000","Kochi-ken","710660",""
"1975","40000","Fukuoka-ken","494645",""
"1975","41000","Saga-ken","241787",""
"1975","42000","Nagasaki-ken","410226",""
"1975","43000","Kumamoto-ken","739898",""
"1975","44000","Oita-ken","633085",""
"1975","45000","Miyazaki-ken","773418",""
"1975","46000","Kagoshima-ken","915338",""
"1975","47000","Okinawa-ken","224587",""
"1976","00000","Japan","37758192",""
"1976","01000","Hokkaido","8351394",""
"1976","02000","Aomori-ken","961462",""
"1976","03000","Iwate-ken","1527745",""
"1976","04000","Miyagi-ken","729101",""
"1976","05000","Akita-ken","1160961",""
"1976","06000","Yamagata-ken","932613",""
"1976","07000","Fukushima-ken","1378199",""
"1976","08000","Ibaraki-ken","608963",""
"1976","09000","Tochigi-ken","641379",""
"1976","10000","Gumma-ken","635561",""
"1976","11000","Saitama-ken","379932",""
"1976","12000","Chiba-ken","511945",""
"1976","13000","Tokyo-to","214549",""
"1976","14000","Kanagawa-ken","239136",""
"1976","15000","Niigata-ken","1257743",""
"1976","16000","Toyama-ken","425216",""
"1976","17000","Ishikawa-ken","419613",""
"1976","18000","Fukui-ken","418883",""
"1976","19000","Yamanashi-ken","446348",""
"1976","20000","Nagano-ken","1358462",""
"1976","21000","Gifu-ken","1059575",""
"1976","22000","Shizuoka-ken","777201",""
"1976","23000","Aichi-ken","511822",""
"1976","24000","Mie-ken","577396",""
"1976","25000","Shiga-ken","401600",""
"1976","26000","Kyoto-fu","461283",""
"1976","27000","Osaka-fu","185999",""
"1976","28000","Hyogo-ken","836886",""
"1976","29000","Nara-ken","369215",""
"1976","30000","Wakayama-ken","472254",""
"1976","31000","Tottori-ken","349192",""
"1976","32000","Shimane-ken","662685",""
"1976","33000","Okayama-ken","708356",""
"1976","34000","Hiroshima-ken","845877",""
"1976","35000","Yamaguchi-ken","609852",""
"1976","36000","Tokushima-ken","414502",""
"1976","37000","Kagawa-ken","187986",""
"1976","38000","Ehime-ken","566515",""
"1976","39000","Kochi-ken","710664",""
"1976","40000","Fukuoka-ken","494952",""
"1976","41000","Saga-ken","241915",""
"1976","42000","Nagasaki-ken","410385",""
"1976","43000","Kumamoto-ken","739953",""
"1976","44000","Oita-ken","633090",""
"1976","45000","Miyazaki-ken","773418",""
"1976","46000","Kagoshima-ken","915689",""
"1976","47000","Okinawa-ken","224861",""
"1977","00000","Japan","37761882",""
"1977","01000","Hokkaido","8351408",""
"1977","02000","Aomori-ken","961531",""
"1977","03000","Iwate-ken","1527750",""
"1977","04000","Miyagi-ken","729101",""
"1977","05000","Akita-ken","1161004",""
"1977","06000","Yamagata-ken","932613",""
"1977","07000","Fukushima-ken","1378204",""
"1977","08000","Ibaraki-ken","608963",""
"1977","09000","Tochigi-ken","641379",""
"1977","10000","Gumma-ken","635561",""
"1977","11000","Saitama-ken","379932",""
"1977","12000","Chiba-ken","512121",""
"1977","13000","Tokyo-to","214549",""
"1977","14000","Kanagawa-ken","239573",""
"1977","15000","Niigata-ken","1257808",""
"1977","16000","Toyama-ken","425216",""
"1977","17000","Ishikawa-ken","419625",""
"1977","18000","Fukui-ken","418910",""
"1977","19000","Yamanashi-ken","446348",""
"1977","20000","Nagano-ken","1358462",""
"1977","21000","Gifu-ken","1059575",""
"1977","22000","Shizuoka-ken","777256",""
"1977","23000","Aichi-ken","512169",""
"1977","24000","Mie-ken","577419",""
"1977","25000","Shiga-ken","401600",""
"1977","26000","Kyoto-fu","461284",""
"1977","27000","Osaka-fu","186141",""
"1977","28000","Hyogo-ken","837010",""
"1977","29000","Nara-ken","369215",""
"1977","30000","Wakayama-ken","472256",""
"1977","31000","Tottori-ken","349233",""
"1977","32000","Shimane-ken","662685",""
"1977","33000","Okayama-ken","708487",""
"1977","34000","Hiroshima-ken","846169",""
"1977","35000","Yamaguchi-ken","609871",""
"1977","36000","Tokushima-ken","414514",""
"1977","37000","Kagawa-ken","188014",""
"1977","38000","Ehime-ken","566606",""
"1977","39000","Kochi-ken","710673",""
"1977","40000","Fukuoka-ken","495130",""
"1977","41000","Saga-ken","243157",""
"1977","42000","Nagasaki-ken","410450",""
"1977","43000","Kumamoto-ken","739915",""
"1977","44000","Oita-ken","633129",""
"1977","45000","Miyazaki-ken","773418",""
"1977","46000","Kagoshima-ken","915727",""
"1977","47000","Okinawa-ken","224898",""
"1978","00000","Japan","37764313",""
"1978","01000","Hokkaido","8351454",""
"1978","02000","Aomori-ken","961533",""
"1978","03000","Iwate-ken","1527790",""
"1978","04000","Miyagi-ken","729108",""
"1978","05000","Akita-ken","1161060",""
"1978","06000","Yamagata-ken","932655",""
"1978","07000","Fukushima-ken","1378207",""
"1978","08000","Ibaraki-ken","608982",""
"1978","09000","Tochigi-ken","641379",""
"1978","10000","Gumma-ken","635561",""
"1978","11000","Saitama-ken","379932",""
"1978","12000","Chiba-ken","512894",""
"1978","13000","Tokyo-to","214551",""
"1978","14000","Kanagawa-ken","239592",""
"1978","15000","Niigata-ken","1257817",""
"1978","16000","Toyama-ken","425216",""
"1978","17000","Ishikawa-ken","419585",""
"1978","18000","Fukui-ken","418918",""
"1978","19000","Yamanashi-ken","446348",""
"1978","20000","Nagano-ken","1358462",""
"1978","21000","Gifu-ken","1059575",""
"1978","22000","Shizuoka-ken","777259",""
"1978","23000","Aichi-ken","512435",""
"1978","24000","Mie-ken","577524",""
"1978","25000","Shiga-ken","401600",""
"1978","26000","Kyoto-fu","461284",""
"1978","27000","Osaka-fu","186227",""
"1978","28000","Hyogo-ken","837085",""
"1978","29000","Nara-ken","369215",""
"1978","30000","Wakayama-ken","472274",""
"1978","31000","Tottori-ken","349234",""
"1978","32000","Shimane-ken","662722",""
"1978","33000","Okayama-ken","708605",""
"1978","34000","Hiroshima-ken","846202",""
"1978","35000","Yamaguchi-ken","609982",""
"1978","36000","Tokushima-ken","414514",""
"1978","37000","Kagawa-ken","188032",""
"1978","38000","Ehime-ken","566654",""
"1978","39000","Kochi-ken","710677",""
"1978","40000","Fukuoka-ken","495247",""
"1978","41000","Saga-ken","243166",""
"1978","42000","Nagasaki-ken","410562",""
"1978","43000","Kumamoto-ken","739932",""
"1978","44000","Oita-ken","633139",""
"1978","45000","Miyazaki-ken","773418",""
"1978","46000","Kagoshima-ken","915938",""
"1978","47000","Okinawa-ken","224944",""
"1979","00000","Japan","37768200",""
"1979","01000","Hokkaido","8351486",""
"1979","02000","Aomori-ken","961545",""
"1979","03000","Iwate-ken","1527794",""
"1979","04000","Miyagi-ken","729114",""
"1979","05000","Akita-ken","1161107",""
"1979","06000","Yamagata-ken","932656",""
"1979","07000","Fukushima-ken","1378208",""
"1979","08000","Ibaraki-ken","608999",""
"1979","09000","Tochigi-ken","641379",""
"1979","10000","Gumma-ken","635561",""
"1979","11000","Saitama-ken","379932",""
"1979","12000","Chiba-ken","513259",""
"1979","13000","Tokyo-to","215433",""
"1979","14000","Kanagawa-ken","239708",""
"1979","15000","Niigata-ken","1257828",""
"1979","16000","Toyama-ken","425216",""
"1979","17000","Ishikawa-ken","419590",""
"1979","18000","Fukui-ken","418927",""
"1979","19000","Yamanashi-ken","446348",""
"1979","20000","Nagano-ken","1358462",""
"1979","21000","Gifu-ken","1059575",""
"1979","22000","Shizuoka-ken","777263",""
"1979","23000","Aichi-ken","512658",""
"1979","24000","Mie-ken","577619",""
"1979","25000","Shiga-ken","401600",""
"1979","26000","Kyoto-fu","461284",""
"1979","27000","Osaka-fu","186301",""
"1979","28000","Hyogo-ken","837205",""
"1979","29000","Nara-ken","369215",""
"1979","30000","Wakayama-ken","472314",""
"1979","31000","Tottori-ken","349234",""
"1979","32000","Shimane-ken","662729",""
"1979","33000","Okayama-ken","708632",""
"1979","34000","Hiroshima-ken","846256",""
"1979","35000","Yamaguchi-ken","610033",""
"1979","36000","Tokushima-ken","414519",""
"1979","37000","Kagawa-ken","188036",""
"1979","38000","Ehime-ken","566722",""
"1979","39000","Kochi-ken","710679",""
"1979","40000","Fukuoka-ken","495343",""
"1979","41000","Saga-ken","243168",""
"1979","42000","Nagasaki-ken","410642",""
"1979","43000","Kumamoto-ken","741010",""
"1979","44000","Oita-ken","633154",""
"1979","45000","Miyazaki-ken","773418",""
"1979","46000","Kagoshima-ken","916270",""
"1979","47000","Okinawa-ken","224946",""
"1980","00000","Japan","37770809",""
"1980","01000","Hokkaido","8351657",""
"1980","02000","Aomori-ken","961563",""
"1980","03000","Iwate-ken","1527798",""
"1980","04000","Miyagi-ken","729128",""
"1980","05000","Akita-ken","1161132",""
"1980","06000","Yamagata-ken","932656",""
"1980","07000","Fukushima-ken","1378265",""
"1980","08000","Ibaraki-ken","609192",""
"1980","09000","Tochigi-ken","641379",""
"1980","10000","Gumma-ken","635561",""
"1980","11000","Saitama-ken","379932",""
"1980","12000","Chiba-ken","514260",""
"1980","13000","Tokyo-to","215635",""
"1980","14000","Kanagawa-ken","239710",""
"1980","15000","Niigata-ken","1257830",""
"1980","16000","Toyama-ken","425216",""
"1980","17000","Ishikawa-ken","419682",""
"1980","18000","Fukui-ken","418938",""
"1980","19000","Yamanashi-ken","446348",""
"1980","20000","Nagano-ken","1358462",""
"1980","21000","Gifu-ken","1059575",""
"1980","22000","Shizuoka-ken","777264",""
"1980","23000","Aichi-ken","513027",""
"1980","24000","Mie-ken","577649",""
"1980","25000","Shiga-ken","401600",""
"1980","26000","Kyoto-fu","461284",""
"1980","27000","Osaka-fu","186416",""
"1980","28000","Hyogo-ken","837316",""
"1980","29000","Nara-ken","369215",""
"1980","30000","Wakayama-ken","472318",""
"1980","31000","Tottori-ken","349234",""
"1980","32000","Shimane-ken","662741",""
"1980","33000","Okayama-ken","708670",""
"1980","34000","Hiroshima-ken","846288",""
"1980","35000","Yamaguchi-ken","610118",""
"1980","36000","Tokushima-ken","414523",""
"1980","37000","Kagawa-ken","188047",""
"1980","38000","Ehime-ken","566788",""
"1980","39000","Kochi-ken","710682",""
"1980","40000","Fukuoka-ken","495403",""
"1980","41000","Saga-ken","243271",""
"1980","42000","Nagasaki-ken","410736",""
"1980","43000","Kumamoto-ken","740614",""
"1980","44000","Oita-ken","633171",""
"1980","45000","Miyazaki-ken","773420",""
"1980","46000","Kagoshima-ken","916281",""
"1980","47000","Okinawa-ken","224991",""
"1981","00000","Japan","37772757",""
"1981","01000","Hokkaido","8351706",""
"1981","02000","Aomori-ken","961619",""
"1981","03000","Iwate-ken","1527803",""
"1981","04000","Miyagi-ken","729133",""
"1981","05000","Akita-ken","1161136",""
"1981","06000","Yamagata-ken","932656",""
"1981","07000","Fukushima-ken","1378333",""
"1981","08000","Ibaraki-ken","609347",""
"1981","09000","Tochigi-ken","641379",""
"1981","10000","Gumma-ken","635561",""
"1981","11000","Saitama-ken","379932",""
"1981","12000","Chiba-ken","514301",""
"1981","13000","Tokyo-to","215542",""
"1981","14000","Kanagawa-ken","239952",""
"1981","15000","Niigata-ken","1257830",""
"1981","16000","Toyama-ken","425216",""
"1981","17000","Ishikawa-ken","419693",""
"1981","18000","Fukui-ken","418938",""
"1981","19000","Yamanashi-ken","446348",""
"1981","20000","Nagano-ken","1358462",""
"1981","21000","Gifu-ken","1059575",""
"1981","22000","Shizuoka-ken","777295",""
"1981","23000","Aichi-ken","513231",""
"1981","24000","Mie-ken","577701",""
"1981","25000","Shiga-ken","401600",""
"1981","26000","Kyoto-fu","461284",""
"1981","27000","Osaka-fu","186542",""
"1981","28000","Hyogo-ken","837443",""
"1981","29000","Nara-ken","369215",""
"1981","30000","Wakayama-ken","472322",""
"1981","31000","Tottori-ken","349235",""
"1981","32000","Shimane-ken","662760",""
"1981","33000","Okayama-ken","708718",""
"1981","34000","Hiroshima-ken","846322",""
"1981","35000","Yamaguchi-ken","610204",""
"1981","36000","Tokushima-ken","414525",""
"1981","37000","Kagawa-ken","188093",""
"1981","38000","Ehime-ken","566992",""
"1981","39000","Kochi-ken","710682",""
"1981","40000","Fukuoka-ken","495415",""
"1981","41000","Saga-ken","243286",""
"1981","42000","Nagasaki-ken","410841",""
"1981","43000","Kumamoto-ken","740646",""
"1981","44000","Oita-ken","633383",""
"1981","45000","Miyazaki-ken","773431",""
"1981","46000","Kagoshima-ken","916308",""
"1981","47000","Okinawa-ken","224998",""
"1982","00000","Japan","37774843",""
"1982","01000","Hokkaido","8351792",""
"1982","02000","Aomori-ken","961681",""
"1982","03000","Iwate-ken","1527817",""
"1982","04000","Miyagi-ken","729137",""
"1982","05000","Akita-ken","1161120",""
"1982","06000","Yamagata-ken","932656",""
"1982","07000","Fukushima-ken","1378333",""
"1982","08000","Ibaraki-ken","609365",""
"1982","09000","Tochigi-ken","641379",""
"1982","10000","Gumma-ken","635561",""
"1982","11000","Saitama-ken","379932",""
"1982","12000","Chiba-ken","514557",""
"1982","13000","Tokyo-to","215677",""
"1982","14000","Kanagawa-ken","240066",""
"1982","15000","Niigata-ken","1257831",""
"1982","16000","Toyama-ken","425218",""
"1982","17000","Ishikawa-ken","419728",""
"1982","18000","Fukui-ken","419033",""
"1982","19000","Yamanashi-ken","446348",""
"1982","20000","Nagano-ken","1358462",""
"1982","21000","Gifu-ken","1059575",""
"1982","22000","Shizuoka-ken","777298",""
"1982","23000","Aichi-ken","513555",""
"1982","24000","Mie-ken","577706",""
"1982","25000","Shiga-ken","401600",""
"1982","26000","Kyoto-fu","461288",""
"1982","27000","Osaka-fu","186685",""
"1982","28000","Hyogo-ken","837515",""
"1982","29000","Nara-ken","369215",""
"1982","30000","Wakayama-ken","472346",""
"1982","31000","Tottori-ken","349265",""
"1982","32000","Shimane-ken","662785",""
"1982","33000","Okayama-ken","708735",""
"1982","34000","Hiroshima-ken","846401",""
"1982","35000","Yamaguchi-ken","610260",""
"1982","36000","Tokushima-ken","414520",""
"1982","37000","Kagawa-ken","188117",""
"1982","38000","Ehime-ken","567033",""
"1982","39000","Kochi-ken","710695",""
"1982","40000","Fukuoka-ken","495504",""
"1982","41000","Saga-ken","243302",""
"1982","42000","Nagasaki-ken","410949",""
"1982","43000","Kumamoto-ken","740676",""
"1982","44000","Oita-ken","633502",""
"1982","45000","Miyazaki-ken","773466",""
"1982","46000","Kagoshima-ken","916327",""
"1982","47000","Okinawa-ken","225057",""
"1983","00000","Japan","37776527",""
"1983","01000","Hokkaido","8351925",""
"1983","02000","Aomori-ken","961693",""
"1983","03000","Iwate-ken","1527842",""
"1983","04000","Miyagi-ken","729152",""
"1983","05000","Akita-ken","1161120",""
"1983","06000","Yamagata-ken","932660",""
"1983","07000","Fukushima-ken","1378339",""
"1983","08000","Ibaraki-ken","609365",""
"1983","09000","Tochigi-ken","641379",""
"1983","10000","Gumma-ken","635561",""
"1983","11000","Saitama-ken","379932",""
"1983","12000","Chiba-ken","514572",""
"1983","13000","Tokyo-to","216064",""
"1983","14000","Kanagawa-ken","240118",""
"1983","15000","Niigata-ken","1257841",""
"1983","16000","Toyama-ken","425218",""
"1983","17000","Ishikawa-ken","419730",""
"1983","18000","Fukui-ken","419122",""
"1983","19000","Yamanashi-ken","446348",""
"1983","20000","Nagano-ken","1358462",""
"1983","21000","Gifu-ken","1059575",""
"1983","22000","Shizuoka-ken","777302",""
"1983","23000","Aichi-ken","513592",""
"1983","24000","Mie-ken","577708",""
"1983","25000","Shiga-ken","401600",""
"1983","26000","Kyoto-fu","461289",""
"1983","27000","Osaka-fu","186685",""
"1983","28000","Hyogo-ken","837606",""
"1983","29000","Nara-ken","369215",""
"1983","30000","Wakayama-ken","472378",""
"1983","31000","Tottori-ken","349265",""
"1983","32000","Shimane-ken","662822",""
"1983","33000","Okayama-ken","708933",""
"1983","34000","Hiroshima-ken","846457",""
"1983","35000","Yamaguchi-ken","610360",""
"1983","36000","Tokushima-ken","414520",""
"1983","37000","Kagawa-ken","188150",""
"1983","38000","Ehime-ken","567052",""
"1983","39000","Kochi-ken","710703",""
"1983","40000","Fukuoka-ken","495511",""
"1983","41000","Saga-ken","243306",""
"1983","42000","Nagasaki-ken","411006",""
"1983","43000","Kumamoto-ken","740729",""
"1983","44000","Oita-ken","633644",""
"1983","45000","Miyazaki-ken","773472",""
"1983","46000","Kagoshima-ken","916344",""
"1983","47000","Okinawa-ken","225087",""
"1984","00000","Japan","37778055",""
"1984","01000","Hokkaido","8351884",""
"1984","02000","Aomori-ken","961717",""
"1984","03000","Iwate-ken","1527867",""
"1984","04000","Miyagi-ken","729162",""
"1984","05000","Akita-ken","1161133",""
"1984","06000","Yamagata-ken","932660",""
"1984","07000","Fukushima-ken","1378361",""
"1984","08000","Ibaraki-ken","609365",""
"1984","09000","Tochigi-ken","641379",""
"1984","10000","Gumma-ken","635561",""
"1984","11000","Saitama-ken","379932",""
"1984","12000","Chiba-ken","514583",""
"1984","13000","Tokyo-to","216156",""
"1984","14000","Kanagawa-ken","240172",""
"1984","15000","Niigata-ken","1257844",""
"1984","16000","Toyama-ken","425216",""
"1984","17000","Ishikawa-ken","419734",""
"1984","18000","Fukui-ken","419131",""
"1984","19000","Yamanashi-ken","446348",""
"1984","20000","Nagano-ken","1358462",""
"1984","21000","Gifu-ken","1059575",""
"1984","22000","Shizuoka-ken","777308",""
"1984","23000","Aichi-ken","513634",""
"1984","24000","Mie-ken","577733",""
"1984","25000","Shiga-ken","401600",""
"1984","26000","Kyoto-fu","461289",""
"1984","27000","Osaka-fu","186686",""
"1984","28000","Hyogo-ken","837722",""
"1984","29000","Nara-ken","369215",""
"1984","30000","Wakayama-ken","472447",""
"1984","31000","Tottori-ken","349269",""
"1984","32000","Shimane-ken","662833",""
"1984","33000","Okayama-ken","708936",""
"1984","34000","Hiroshima-ken","846562",""
"1984","35000","Yamaguchi-ken","610468",""
"1984","36000","Tokushima-ken","414520",""
"1984","37000","Kagawa-ken","188152",""
"1984","38000","Ehime-ken","567104",""
"1984","39000","Kochi-ken","710708",""
"1984","40000","Fukuoka-ken","495810",""
"1984","41000","Saga-ken","243322",""
"1984","42000","Nagasaki-ken","411079",""
"1984","43000","Kumamoto-ken","740744",""
"1984","44000","Oita-ken","633670",""
"1984","45000","Miyazaki-ken","773474",""
"1984","46000","Kagoshima-ken","916404",""
"1984","47000","Okinawa-ken","225351",""
"1985","00000","Japan","37780114",""
"1985","01000","Hokkaido","8351922",""
"1985","02000","Aomori-ken","961723",""
"1985","03000","Iwate-ken","1527869",""
"1985","04000","Miyagi-ken","729165",""
"1985","05000","Akita-ken","1161239",""
"1985","06000","Yamagata-ken","932660",""
"1985","07000","Fukushima-ken","1378375",""
"1985","08000","Ibaraki-ken","609443",""
"1985","09000","Tochigi-ken","641379",""
"1985","10000","Gumma-ken","635561",""
"1985","11000","Saitama-ken","379932",""
"1985","12000","Chiba-ken","515014",""
"1985","13000","Tokyo-to","216234",""
"1985","14000","Kanagawa-ken","240207",""
"1985","15000","Niigata-ken","1257862",""
"1985","16000","Toyama-ken","425232",""
"1985","17000","Ishikawa-ken","419739",""
"1985","18000","Fukui-ken","419149",""
"1985","19000","Yamanashi-ken","446348",""
"1985","20000","Nagano-ken","1358462",""
"1985","21000","Gifu-ken","1059575",""
"1985","22000","Shizuoka-ken","777312",""
"1985","23000","Aichi-ken","513759",""
"1985","24000","Mie-ken","577757",""
"1985","25000","Shiga-ken","401600",""
"1985","26000","Kyoto-fu","461290",""
"1985","27000","Osaka-fu","186786",""
"1985","28000","Hyogo-ken","837798",""
"1985","29000","Nara-ken","369215",""
"1985","30000","Wakayama-ken","472462",""
"1985","31000","Tottori-ken","349270",""
"1985","32000","Shimane-ken","662842",""
"1985","33000","Okayama-ken","708991",""
"1985","34000","Hiroshima-ken","846637",""
"1985","35000","Yamaguchi-ken","610605",""
"1985","36000","Tokushima-ken","414522",""
"1985","37000","Kagawa-ken","188211",""
"1985","38000","Ehime-ken","567172",""
"1985","39000","Kochi-ken","710713",""
"1985","40000","Fukuoka-ken","495962",""
"1985","41000","Saga-ken","243339",""
"1985","42000","Nagasaki-ken","411155",""
"1985","43000","Kumamoto-ken","740763",""
"1985","44000","Oita-ken","633718",""
"1985","45000","Miyazaki-ken","773477",""
"1985","46000","Kagoshima-ken","916503",""
"1985","47000","Okinawa-ken","225417",""
"1986","00000","Japan","37781502",""
"1986","01000","Hokkaido","8351946",""
"1986","02000","Aomori-ken","961902",""
"1986","03000","Iwate-ken","1527725",""
"1986","04000","Miyagi-ken","729167",""
"1986","05000","Akita-ken","1161239",""
"1986","06000","Yamagata-ken","932660",""
"1986","07000","Fukushima-ken","1378377",""
"1986","08000","Ibaraki-ken","609443",""
"1986","09000","Tochigi-ken","641379",""
"1986","10000","Gumma-ken","635561",""
"1986","11000","Saitama-ken","379932",""
"1986","12000","Chiba-ken","515014",""
"1986","13000","Tokyo-to","216418",""
"1986","14000","Kanagawa-ken","240211",""
"1986","15000","Niigata-ken","1257864",""
"1986","16000","Toyama-ken","425233",""
"1986","17000","Ishikawa-ken","419741",""
"1986","18000","Fukui-ken","419156",""
"1986","19000","Yamanashi-ken","446348",""
"1986","20000","Nagano-ken","1358462",""
"1986","21000","Gifu-ken","1059575",""
"1986","22000","Shizuoka-ken","777317",""
"1986","23000","Aichi-ken","513837",""
"1986","24000","Mie-ken","577759",""
"1986","25000","Shiga-ken","401600",""
"1986","26000","Kyoto-fu","461291",""
"1986","27000","Osaka-fu","186807",""
"1986","28000","Hyogo-ken","838083",""
"1986","29000","Nara-ken","369215",""
"1986","30000","Wakayama-ken","472465",""
"1986","31000","Tottori-ken","349409",""
"1986","32000","Shimane-ken","662848",""
"1986","33000","Okayama-ken","709009",""
"1986","34000","Hiroshima-ken","846663",""
"1986","35000","Yamaguchi-ken","610625",""
"1986","36000","Tokushima-ken","414524",""
"1986","37000","Kagawa-ken","188235",""
"1986","38000","Ehime-ken","567202",""
"1986","39000","Kochi-ken","710714",""
"1986","40000","Fukuoka-ken","496111",""
"1986","41000","Saga-ken","243340",""
"1986","42000","Nagasaki-ken","411219",""
"1986","43000","Kumamoto-ken","740780",""
"1986","44000","Oita-ken","633776",""
"1986","45000","Miyazaki-ken","773510",""
"1986","46000","Kagoshima-ken","916610",""
"1986","47000","Okinawa-ken","225452",""
"1987","00000","Japan","37783524",""
"1987","01000","Hokkaido","8351969",""
"1987","02000","Aomori-ken","961910",""
"1987","03000","Iwate-ken","1527735",""
"1987","04000","Miyagi-ken","729169",""
"1987","05000","Akita-ken","1161293",""
"1987","06000","Yamagata-ken","932663",""
"1987","07000","Fukushima-ken","1378379",""
"1987","08000","Ibaraki-ken","609443",""
"1987","09000","Tochigi-ken","641379",""
"1987","10000","Gumma-ken","635561",""
"1987","11000","Saitama-ken","379932",""
"1987","12000","Chiba-ken","515060",""
"1987","13000","Tokyo-to","216626",""
"1987","14000","Kanagawa-ken","240290",""
"1987","15000","Niigata-ken","1257877",""
"1987","16000","Toyama-ken","425235",""
"1987","17000","Ishikawa-ken","419765",""
"1987","18000","Fukui-ken","419160",""
"1987","19000","Yamanashi-ken","446348",""
"1987","20000","Nagano-ken","1358462",""
"1987","21000","Gifu-ken","1059575",""
"1987","22000","Shizuoka-ken","777327",""
"1987","23000","Aichi-ken","513869",""
"1987","24000","Mie-ken","577769",""
"1987","25000","Shiga-ken","401600",""
"1987","26000","Kyoto-fu","461294",""
"1987","27000","Osaka-fu","186940",""
"1987","28000","Hyogo-ken","838089",""
"1987","29000","Nara-ken","369215",""
"1987","30000","Wakayama-ken","472470",""
"1987","31000","Tottori-ken","349410",""
"1987","32000","Shimane-ken","662852",""
"1987","33000","Okayama-ken","709154",""
"1987","34000","Hiroshima-ken","846687",""
"1987","35000","Yamaguchi-ken","610679",""
"1987","36000","Tokushima-ken","414566",""
"1987","37000","Kagawa-ken","188260",""
"1987","38000","Ehime-ken","567229",""
"1987","39000","Kochi-ken","710717",""
"1987","40000","Fukuoka-ken","496261",""
"1987","41000","Saga-ken","244004",""
"1987","42000","Nagasaki-ken","411257",""
"1987","43000","Kumamoto-ken","740805",""
"1987","44000","Oita-ken","633802",""
"1987","45000","Miyazaki-ken","773534",""
"1987","46000","Kagoshima-ken","916658",""
"1987","47000","Okinawa-ken","225497",""
"1988","00000","Japan","37771976",""
"1988","01000","Hokkaido","8340896",""
"1988","02000","Aomori-ken","960445",""
"1988","03000","Iwate-ken","1527413",""
"1988","04000","Miyagi-ken","728423",""
"1988","05000","Akita-ken","1161194",""
"1988","06000","Yamagata-ken","932327",""
"1988","07000","Fukushima-ken","1378103",""
"1988","08000","Ibaraki-ken","609338",""
"1988","09000","Tochigi-ken","640828",""
"1988","10000","Gumma-ken","636356",""
"1988","11000","Saitama-ken","379741",""
"1988","12000","Chiba-ken","515561",""
"1988","13000","Tokyo-to","211133",""
"1988","14000","Kanagawa-ken","241068",""
"1988","15000","Niigata-ken","1258126",""
"1988","16000","Toyama-ken","424584",""
"1988","17000","Ishikawa-ken","418442",""
"1988","18000","Fukui-ken","418733",""
"1988","19000","Yamanashi-ken","446537",""
"1988","20000","Nagano-ken","1358467",""
"1988","21000","Gifu-ken","1059787",""
"1988","22000","Shizuoka-ken","777880",""
"1988","23000","Aichi-ken","514607",""
"1988","24000","Mie-ken","577408",""
"1988","25000","Shiga-ken","401723",""
"1988","26000","Kyoto-fu","461218",""
"1988","27000","Osaka-fu","188142",""
"1988","28000","Hyogo-ken","838114",""
"1988","29000","Nara-ken","369041",""
"1988","30000","Wakayama-ken","472220",""
"1988","31000","Tottori-ken","349765",""
"1988","32000","Shimane-ken","662570",""
"1988","33000","Okayama-ken","711087",""
"1988","34000","Hiroshima-ken","847306",""
"1988","35000","Yamaguchi-ken","610862",""
"1988","36000","Tokushima-ken","414318",""
"1988","37000","Kagawa-ken","187460",""
"1988","38000","Ehime-ken","567259",""
"1988","39000","Kochi-ken","710387",""
"1988","40000","Fukuoka-ken","488357",""
"1988","41000","Saga-ken","243875",""
"1988","42000","Nagasaki-ken","408807",""
"1988","43000","Kumamoto-ken","734272",""
"1988","44000","Oita-ken","633554",""
"1988","45000","Miyazaki-ken","773318",""
"1988","46000","Kagoshima-ken","918103",""
"1988","47000","Okinawa-ken","226281",""
"1989","00000","Japan","37772737",""
"1989","01000","Hokkaido","8340773",""
"1989","02000","Aomori-ken","960467",""
"1989","03000","Iwate-ken","1527438",""
"1989","04000","Miyagi-ken","728426",""
"1989","05000","Akita-ken","1161266",""
"1989","06000","Yamagata-ken","932327",""
"1989","07000","Fukushima-ken","1378108",""
"1989","08000","Ibaraki-ken","609338",""
"1989","09000","Tochigi-ken","640828",""
"1989","10000","Gumma-ken","636351",""
"1989","11000","Saitama-ken","379741",""
"1989","12000","Chiba-ken","515561",""
"1989","13000","Tokyo-to","218334",""
"1989","14000","Kanagawa-ken","241134",""
"1989","15000","Niigata-ken","1258127",""
"1989","16000","Toyama-ken","424585",""
"1989","17000","Ishikawa-ken","418452",""
"1989","18000","Fukui-ken","418758",""
"1989","19000","Yamanashi-ken","446537",""
"1989","20000","Nagano-ken","1358467",""
"1989","21000","Gifu-ken","1059787",""
"1989","22000","Shizuoka-ken","777884",""
"1989","23000","Aichi-ken","514671",""
"1989","24000","Mie-ken","577439",""
"1989","25000","Shiga-ken","401723",""
"1989","26000","Kyoto-fu","461218",""
"1989","27000","Osaka-fu","188241",""
"1989","28000","Hyogo-ken","838149",""
"1989","29000","Nara-ken","369041",""
"1989","30000","Wakayama-ken","472225",""
"1989","31000","Tottori-ken","349774",""
"1989","32000","Shimane-ken","662620",""
"1989","33000","Okayama-ken","711097",""
"1989","34000","Hiroshima-ken","847312",""
"1989","35000","Yamaguchi-ken","610885",""
"1989","36000","Tokushima-ken","414320",""
"1989","37000","Kagawa-ken","187477",""
"1989","38000","Ehime-ken","567288",""
"1989","39000","Kochi-ken","710394",""
"1989","40000","Fukuoka-ken","496521",""
"1989","41000","Saga-ken","243876",""
"1989","42000","Nagasaki-ken","408857",""
"1989","43000","Kumamoto-ken","740014",""
"1989","44000","Oita-ken","633562",""
"1989","45000","Miyazaki-ken","773319",""
"1989","46000","Kagoshima-ken","918215",""
"1989","47000","Okinawa-ken","226364",""
"1990","00000","Japan","37773711",""
"1990","01000","Hokkaido","8340835",""
"1990","02000","Aomori-ken","960557",""
"1990","03000","Iwate-ken","1527440",""
"1990","04000","Miyagi-ken","728430",""
"1990","05000","Akita-ken","1161266",""
"1990","06000","Yamagata-ken","932327",""
"1990","07000","Fukushima-ken","1378141",""
"1990","08000","Ibaraki-ken","609340",""
"1990","09000","Tochigi-ken","640828",""
"1990","10000","Gumma-ken","636318",""
"1990","11000","Saitama-ken","379734",""
"1990","12000","Chiba-ken","515575",""
"1990","13000","Tokyo-to","218326",""
"1990","14000","Kanagawa-ken","241211",""
"1990","15000","Niigata-ken","1258162",""
"1990","16000","Toyama-ken","424609",""
"1990","17000","Ishikawa-ken","418456",""
"1990","18000","Fukui-ken","418759",""
"1990","19000","Yamanashi-ken","446537",""
"1990","20000","Nagano-ken","1358500",""
"1990","21000","Gifu-ken","1059787",""
"1990","22000","Shizuoka-ken","777887",""
"1990","23000","Aichi-ken","514684",""
"1990","24000","Mie-ken","577448",""
"1990","25000","Shiga-ken","401723",""
"1990","26000","Kyoto-fu","461219",""
"1990","27000","Osaka-fu","188384",""
"1990","28000","Hyogo-ken","838168",""
"1990","29000","Nara-ken","369041",""
"1990","30000","Wakayama-ken","472234",""
"1990","31000","Tottori-ken","349779",""
"1990","32000","Shimane-ken","662624",""
"1990","33000","Okayama-ken","711105",""
"1990","34000","Hiroshima-ken","847341",""
"1990","35000","Yamaguchi-ken","610909",""
"1990","36000","Tokushima-ken","414322",""
"1990","37000","Kagawa-ken","187486",""
"1990","38000","Ehime-ken","567357",""
"1990","39000","Kochi-ken","710395",""
"1990","40000","Fukuoka-ken","496558",""
"1990","41000","Saga-ken","243876",""
"1990","42000","Nagasaki-ken","408873",""
"1990","43000","Kumamoto-ken","740089",""
"1990","44000","Oita-ken","633579",""
"1990","45000","Miyazaki-ken","773320",""
"1990","46000","Kagoshima-ken","918326",""
"1990","47000","Okinawa-ken","226400",""
"1991","00000","Japan","37775028",""
"1991","01000","Hokkaido","8341058",""
"1991","02000","Aomori-ken","960584",""
"1991","03000","Iwate-ken","1527477",""
"1991","04000","Miyagi-ken","728436",""
"1991","05000","Akita-ken","1161266",""
"1991","06000","Yamagata-ken","932331",""
"1991","07000","Fukushima-ken","1378151",""
"1991","08000","Ibaraki-ken","609340",""
"1991","09000","Tochigi-ken","640828",""
"1991","10000","Gumma-ken","636318",""
"1991","11000","Saitama-ken","379733",""
"1991","12000","Chiba-ken","515576",""
"1991","13000","Tokyo-to","218328",""
"1991","14000","Kanagawa-ken","241261",""
"1991","15000","Niigata-ken","1258163",""
"1991","16000","Toyama-ken","424609",""
"1991","17000","Ishikawa-ken","418460",""
"1991","18000","Fukui-ken","418796",""
"1991","19000","Yamanashi-ken","446537",""
"1991","20000","Nagano-ken","1358500",""
"1991","21000","Gifu-ken","1059789",""
"1991","22000","Shizuoka-ken","777891",""
"1991","23000","Aichi-ken","511033",""
"1991","24000","Mie-ken","577458",""
"1991","25000","Shiga-ken","401723",""
"1991","26000","Kyoto-fu","461236",""
"1991","27000","Osaka-fu","188649",""
"1991","28000","Hyogo-ken","838285",""
"1991","29000","Nara-ken","369040",""
"1991","30000","Wakayama-ken","472238",""
"1991","31000","Tottori-ken","349794",""
"1991","32000","Shimane-ken","662627",""
"1991","33000","Okayama-ken","711105",""
"1991","34000","Hiroshima-ken","847349",""
"1991","35000","Yamaguchi-ken","610919",""
"1991","36000","Tokushima-ken","414322",""
"1991","37000","Kagawa-ken","187493",""
"1991","38000","Ehime-ken","567408",""
"1991","39000","Kochi-ken","710402",""
"1991","40000","Fukuoka-ken","496576",""
"1991","41000","Saga-ken","243880",""
"1991","42000","Nagasaki-ken","408892",""
"1991","43000","Kumamoto-ken","740152",""
"1991","44000","Oita-ken","633613",""
"1991","45000","Miyazaki-ken","773331",""
"1991","46000","Kagoshima-ken","918469",""
"1991","47000","Okinawa-ken","226483",""
"1992","00000","Japan","37780043",""
"1992","01000","Hokkaido","8345051",""
"1992","02000","Aomori-ken","960602",""
"1992","03000","Iwate-ken","1527517",""
"1992","04000","Miyagi-ken","728444",""
"1992","05000","Akita-ken","1161268",""
"1992","06000","Yamagata-ken","932331",""
"1992","07000","Fukushima-ken","1378151",""
"1992","08000","Ibaraki-ken","609338",""
"1992","09000","Tochigi-ken","640828",""
"1992","10000","Gumma-ken","636318",""
"1992","11000","Saitama-ken","379733",""
"1992","12000","Chiba-ken","515578",""
"1992","13000","Tokyo-to","218328",""
"1992","14000","Kanagawa-ken","241281",""
"1992","15000","Niigata-ken","1258167",""
"1992","16000","Toyama-ken","424614",""
"1992","17000","Ishikawa-ken","418464",""
"1992","18000","Fukui-ken","418826",""
"1992","19000","Yamanashi-ken","446537",""
"1992","20000","Nagano-ken","1358500",""
"1992","21000","Gifu-ken","1059789",""
"1992","22000","Shizuoka-ken","777892",""
"1992","23000","Aichi-ken","514732",""
"1992","24000","Mie-ken","577451",""
"1992","25000","Shiga-ken","401736",""
"1992","26000","Kyoto-fu","461236",""
"1992","27000","Osaka-fu","189025",""
"1992","28000","Hyogo-ken","838408",""
"1992","29000","Nara-ken","369040",""
"1992","30000","Wakayama-ken","472285",""
"1992","31000","Tottori-ken","350696",""
"1992","32000","Shimane-ken","670623",""
"1992","33000","Okayama-ken","711105",""
"1992","34000","Hiroshima-ken","847369",""
"1992","35000","Yamaguchi-ken","610935",""
"1992","36000","Tokushima-ken","414324",""
"1992","37000","Kagawa-ken","187504",""
"1992","38000","Ehime-ken","567420",""
"1992","39000","Kochi-ken","710406",""
"1992","40000","Fukuoka-ken","496597",""
"1992","41000","Saga-ken","243892",""
"1992","42000","Nagasaki-ken","408926",""
"1992","43000","Kumamoto-ken","740196",""
"1992","44000","Oita-ken","633626",""
"1992","45000","Miyazaki-ken","773357",""
"1992","46000","Kagoshima-ken","918538",""
"1992","47000","Okinawa-ken","226523",""
"1993","00000","Japan","37781209",""
"1993","01000","Hokkaido","8345105",""
"1993","02000","Aomori-ken","960617",""
"1993","03000","Iwate-ken","1527520",""
"1993","04000","Miyagi-ken","728446",""
"1993","05000","Akita-ken","1161268",""
"1993","06000","Yamagata-ken","932332",""
"1993","07000","Fukushima-ken","1378162",""
"1993","08000","Ibaraki-ken","609354",""
"1993","09000","Tochigi-ken","640828",""
"1993","10000","Gumma-ken","636318",""
"1993","11000","Saitama-ken","379733",""
"1993","12000","Chiba-ken","515584",""
"1993","13000","Tokyo-to","218645",""
"1993","14000","Kanagawa-ken","241325",""
"1993","15000","Niigata-ken","1258173",""
"1993","16000","Toyama-ken","424615",""
"1993","17000","Ishikawa-ken","418474",""
"1993","18000","Fukui-ken","418838",""
"1993","19000","Yamanashi-ken","446537",""
"1993","20000","Nagano-ken","1358522",""
"1993","21000","Gifu-ken","1059817",""
"1993","22000","Shizuoka-ken","777893",""
"1993","23000","Aichi-ken","514691",""
"1993","24000","Mie-ken","577452",""
"1993","25000","Shiga-ken","401736",""
"1993","26000","Kyoto-fu","461238",""
"1993","27000","Osaka-fu","189079",""
"1993","28000","Hyogo-ken","838481",""
"1993","29000","Nara-ken","369040",""
"1993","30000","Wakayama-ken","472373",""
"1993","31000","Tottori-ken","350696",""
"1993","32000","Shimane-ken","670628",""
"1993","33000","Okayama-ken","711074",""
"1993","34000","Hiroshima-ken","847421",""
"1993","35000","Yamaguchi-ken","610969",""
"1993","36000","Tokushima-ken","414423",""
"1993","37000","Kagawa-ken","187507",""
"1993","38000","Ehime-ken","567436",""
"1993","39000","Kochi-ken","710408",""
"1993","40000","Fukuoka-ken","496675",""
"1993","41000","Saga-ken","243893",""
"1993","42000","Nagasaki-ken","408986",""
"1993","43000","Kumamoto-ken","740202",""
"1993","44000","Oita-ken","633700",""
"1993","45000","Miyazaki-ken","773360",""
"1993","46000","Kagoshima-ken","918579",""
"1993","47000","Okinawa-ken","226520",""
"1994","00000","Japan","37781886",""
"1994","01000","Hokkaido","8345131",""
"1994","02000","Aomori-ken","960638",""
"1994","03000","Iwate-ken","1527530",""
"1994","04000","Miyagi-ken","728459",""
"1994","05000","Akita-ken","1161284",""
"1994","06000","Yamagata-ken","932332",""
"1994","07000","Fukushima-ken","1378182",""
"1994","08000","Ibaraki-ken","609356",""
"1994","09000","Tochigi-ken","640828",""
"1994","10000","Gumma-ken","636318",""
"1994","11000","Saitama-ken","379733",""
"1994","12000","Chiba-ken","515592",""
"1994","13000","Tokyo-to","218645",""
"1994","14000","Kanagawa-ken","241327",""
"1994","15000","Niigata-ken","1258174",""
"1994","16000","Toyama-ken","424647",""
"1994","17000","Ishikawa-ken","418480",""
"1994","18000","Fukui-ken","418838",""
"1994","19000","Yamanashi-ken","446537",""
"1994","20000","Nagano-ken","1358522",""
"1994","21000","Gifu-ken","1059817",""
"1994","22000","Shizuoka-ken","777894",""
"1994","23000","Aichi-ken","514923",""
"1994","24000","Mie-ken","577452",""
"1994","25000","Shiga-ken","401736",""
"1994","26000","Kyoto-fu","461238",""
"1994","27000","Osaka-fu","189163",""
"1994","28000","Hyogo-ken","838491",""
"1994","29000","Nara-ken","369040",""
"1994","30000","Wakayama-ken","472375",""
"1994","31000","Tottori-ken","350696",""
"1994","32000","Shimane-ken","670630",""
"1994","33000","Okayama-ken","711081",""
"1994","34000","Hiroshima-ken","847439",""
"1994","35000","Yamaguchi-ken","610994",""
"1994","36000","Tokushima-ken","414424",""
"1994","37000","Kagawa-ken","187510",""
"1994","38000","Ehime-ken","567459",""
"1994","39000","Kochi-ken","710410",""
"1994","40000","Fukuoka-ken","496686",""
"1994","41000","Saga-ken","243895",""
"1994","42000","Nagasaki-ken","409038",""
"1994","43000","Kumamoto-ken","740216",""
"1994","44000","Oita-ken","633701",""
"1994","45000","Miyazaki-ken","773364",""
"1994","46000","Kagoshima-ken","918581",""
"1994","47000","Okinawa-ken","226542",""
"1995","00000","Japan","37782941",""
"1995","01000","Hokkaido","8345159",""
"1995","02000","Aomori-ken","960556",""
"1995","03000","Iwate-ken","1527776",""
"1995","04000","Miyagi-ken","728463",""
"1995","05000","Akita-ken","1161169",""
"1995","06000","Yamagata-ken","932332",""
"1995","07000","Fukushima-ken","1378248",""
"1995","08000","Ibaraki-ken","609375",""
"1995","09000","Tochigi-ken","640828",""
"1995","10000","Gumma-ken","636318",""
"1995","11000","Saitama-ken","379728",""
"1995","12000","Chiba-ken","515598",""
"1995","13000","Tokyo-to","218662",""
"1995","14000","Kanagawa-ken","241358",""
"1995","15000","Niigata-ken","1258175",""
"1995","16000","Toyama-ken","424647",""
"1995","17000","Ishikawa-ken","418483",""
"1995","18000","Fukui-ken","418843",""
"1995","19000","Yamanashi-ken","446537",""
"1995","20000","Nagano-ken","1358522",""
"1995","21000","Gifu-ken","1059817",""
"1995","22000","Shizuoka-ken","777895",""
"1995","23000","Aichi-ken","515045",""
"1995","24000","Mie-ken","577366",""
"1995","25000","Shiga-ken","401736",""
"1995","26000","Kyoto-fu","461239",""
"1995","27000","Osaka-fu","189206",""
"1995","28000","Hyogo-ken","838660",""
"1995","29000","Nara-ken","369109",""
"1995","30000","Wakayama-ken","472429",""
"1995","31000","Tottori-ken","350701",""
"1995","32000","Shimane-ken","670670",""
"1995","33000","Okayama-ken","711105",""
"1995","34000","Hiroshima-ken","847476",""
"1995","35000","Yamaguchi-ken","611008",""
"1995","36000","Tokushima-ken","414437",""
"1995","37000","Kagawa-ken","187515",""
"1995","38000","Ehime-ken","567523",""
"1995","39000","Kochi-ken","710413",""
"1995","40000","Fukuoka-ken","496764",""
"1995","41000","Saga-ken","243899",""
"1995","42000","Nagasaki-ken","409066",""
"1995","43000","Kumamoto-ken","740234",""
"1995","44000","Oita-ken","633728",""
"1995","45000","Miyazaki-ken","773366",""
"1995","46000","Kagoshima-ken","918599",""
"1995","47000","Okinawa-ken","226604",""
"1996","00000","Japan","37783689",""
"1996","01000","Hokkaido","8345165",""
"1996","02000","Aomori-ken","960581",""
"1996","03000","Iwate-ken","1527778",""
"1996","04000","Miyagi-ken","728475",""
"1996","05000","Akita-ken","1161177",""
"1996","06000","Yamagata-ken","932334",""
"1996","07000","Fukushima-ken","1378248",""
"1996","08000","Ibaraki-ken","609376",""
"1996","09000","Tochigi-ken","640828",""
"1996","10000","Gumma-ken","636318",""
"1996","11000","Saitama-ken","379728",""
"1996","12000","Chiba-ken","515599",""
"1996","13000","Tokyo-to","218669",""
"1996","14000","Kanagawa-ken","241401",""
"1996","15000","Niigata-ken","1258196",""
"1996","16000","Toyama-ken","424656",""
"1996","17000","Ishikawa-ken","418488",""
"1996","18000","Fukui-ken","418848",""
"1996","19000","Yamanashi-ken","446537",""
"1996","20000","Nagano-ken","1358522",""
"1996","21000","Gifu-ken","1059818",""
"1996","22000","Shizuoka-ken","777896",""
"1996","23000","Aichi-ken","515131",""
"1996","24000","Mie-ken","577373",""
"1996","25000","Shiga-ken","401736",""
"1996","26000","Kyoto-fu","461271",""
"1996","27000","Osaka-fu","189268",""
"1996","28000","Hyogo-ken","838750",""
"1996","29000","Nara-ken","369109",""
"1996","30000","Wakayama-ken","472454",""
"1996","31000","Tottori-ken","350702",""
"1996","32000","Shimane-ken","670670",""
"1996","33000","Okayama-ken","711115",""
"1996","34000","Hiroshima-ken","847524",""
"1996","35000","Yamaguchi-ken","611027",""
"1996","36000","Tokushima-ken","414438",""
"1996","37000","Kagawa-ken","187538",""
"1996","38000","Ehime-ken","567550",""
"1996","39000","Kochi-ken","710417",""
"1996","40000","Fukuoka-ken","496784",""
"1996","41000","Saga-ken","243902",""
"1996","42000","Nagasaki-ken","409096",""
"1996","43000","Kumamoto-ken","740246",""
"1996","44000","Oita-ken","633736",""
"1996","45000","Miyazaki-ken","773369",""
"1996","46000","Kagoshima-ken","918612",""
"1996","47000","Okinawa-ken","226679",""
"1997","00000","Japan","37784658",""
"1997","01000","Hokkaido","8345232",""
"1997","02000","Aomori-ken","960626",""
"1997","03000","Iwate-ken","1527818",""
"1997","04000","Miyagi-ken","728453",""
"1997","05000","Akita-ken","1161178",""
"1997","06000","Yamagata-ken","932334",""
"1997","07000","Fukushima-ken","1378248",""
"1997","08000","Ibaraki-ken","609377",""
"1997","09000","Tochigi-ken","640828",""
"1997","10000","Gumma-ken","636316",""
"1997","11000","Saitama-ken","379730",""
"1997","12000","Chiba-ken","515605",""
"1997","13000","Tokyo-to","218669",""
"1997","14000","Kanagawa-ken","241427",""
"1997","15000","Niigata-ken","1258212",""
"1997","16000","Toyama-ken","424675",""
"1997","17000","Ishikawa-ken","418489",""
"1997","18000","Fukui-ken","418855",""
"1997","19000","Yamanashi-ken","446537",""
"1997","20000","Nagano-ken","1358522",""
"1997","21000","Gifu-ken","1059818",""
"1997","22000","Shizuoka-ken","777923",""
"1997","23000","Aichi-ken","515237",""
"1997","24000","Mie-ken","577376",""
"1997","25000","Shiga-ken","401740",""
"1997","26000","Kyoto-fu","461271",""
"1997","27000","Osaka-fu","189276",""
"1997","28000","Hyogo-ken","838970",""
"1997","29000","Nara-ken","369109",""
"1997","30000","Wakayama-ken","472456",""
"1997","31000","Tottori-ken","350708",""
"1997","32000","Shimane-ken","670723",""
"1997","33000","Okayama-ken","711117",""
"1997","34000","Hiroshima-ken","847591",""
"1997","35000","Yamaguchi-ken","611001",""
"1997","36000","Tokushima-ken","414476",""
"1997","37000","Kagawa-ken","187557",""
"1997","38000","Ehime-ken","567559",""
"1997","39000","Kochi-ken","710419",""
"1997","40000","Fukuoka-ken","496822",""
"1997","41000","Saga-ken","243910",""
"1997","42000","Nagasaki-ken","409140",""
"1997","43000","Kumamoto-ken","740259",""
"1997","44000","Oita-ken","633758",""
"1997","45000","Miyazaki-ken","773372",""
"1997","46000","Kagoshima-ken","918637",""
"1997","47000","Okinawa-ken","226748",""
"1998","00000","Japan","37785464",""
"1998","01000","Hokkaido","8345228",""
"1998","02000","Aomori-ken","960632",""
"1998","03000","Iwate-ken","1527822",""
"1998","04000","Miyagi-ken","728461",""
"1998","05000","Akita-ken","1161206",""
"1998","06000","Yamagata-ken","932334",""
"1998","07000","Fukushima-ken","1378248",""
"1998","08000","Ibaraki-ken","609378",""
"1998","09000","Tochigi-ken","640828",""
"1998","10000","Gumma-ken","636316",""
"1998","11000","Saitama-ken","379730",""
"1998","12000","Chiba-ken","515615",""
"1998","13000","Tokyo-to","218669",""
"1998","14000","Kanagawa-ken","241511",""
"1998","15000","Niigata-ken","1258229",""
"1998","16000","Toyama-ken","424696",""
"1998","17000","Ishikawa-ken","418491",""
"1998","18000","Fukui-ken","418862",""
"1998","19000","Yamanashi-ken","446537",""
"1998","20000","Nagano-ken","1358522",""
"1998","21000","Gifu-ken","1059818",""
"1998","22000","Shizuoka-ken","777931",""
"1998","23000","Aichi-ken","515248",""
"1998","24000","Mie-ken","577379",""
"1998","25000","Shiga-ken","401736",""
"1998","26000","Kyoto-fu","461272",""
"1998","27000","Osaka-fu","189276",""
"1998","28000","Hyogo-ken","839122",""
"1998","29000","Nara-ken","369109",""
"1998","30000","Wakayama-ken","472464",""
"1998","31000","Tottori-ken","350708",""
"1998","32000","Shimane-ken","670726",""
"1998","33000","Okayama-ken","711165",""
"1998","34000","Hiroshima-ken","847634",""
"1998","35000","Yamaguchi-ken","611017",""
"1998","36000","Tokushima-ken","414478",""
"1998","37000","Kagawa-ken","187568",""
"1998","38000","Ehime-ken","567587",""
"1998","39000","Kochi-ken","710449",""
"1998","40000","Fukuoka-ken","496931",""
"1998","41000","Saga-ken","243918",""
"1998","42000","Nagasaki-ken","409173",""
"1998","43000","Kumamoto-ken","740271",""
"1998","44000","Oita-ken","633770",""
"1998","45000","Miyazaki-ken","773395",""
"1998","46000","Kagoshima-ken","918662",""
"1998","47000","Okinawa-ken","226788",""
"1999","00000","Japan","37786366",""
"1999","01000","Hokkaido","8345247",""
"1999","02000","Aomori-ken","960625",""
"1999","03000","Iwate-ken","1527838",""
"1999","04000","Miyagi-ken","728500",""
"1999","05000","Akita-ken","1161206",""
"1999","06000","Yamagata-ken","932334",""
"1999","07000","Fukushima-ken","1378248",""
"1999","08000","Ibaraki-ken","609504",""
"1999","09000","Tochigi-ken","640828",""
"1999","10000","Gumma-ken","636316",""
"1999","11000","Saitama-ken","379730",""
"1999","12000","Chiba-ken","515615",""
"1999","13000","Tokyo-to","218689",""
"1999","14000","Kanagawa-ken","241514",""
"1999","15000","Niigata-ken","1258231",""
"1999","16000","Toyama-ken","424719",""
"1999","17000","Ishikawa-ken","418515",""
"1999","18000","Fukui-ken","418871",""
"1999","19000","Yamanashi-ken","446537",""
"1999","20000","Nagano-ken","1358522",""
"1999","21000","Gifu-ken","1059818",""
"1999","22000","Shizuoka-ken","777933",""
"1999","23000","Aichi-ken","515347",""
"1999","24000","Mie-ken","577384",""
"1999","25000","Shiga-ken","401736",""
"1999","26000","Kyoto-fu","461280",""
"1999","27000","Osaka-fu","189276",""
"1999","28000","Hyogo-ken","839158",""
"1999","29000","Nara-ken","369109",""
"1999","30000","Wakayama-ken","472504",""
"1999","31000","Tottori-ken","350710",""
"1999","32000","Shimane-ken","670712",""
"1999","33000","Okayama-ken","711169",""
"1999","34000","Hiroshima-ken","847673",""
"1999","35000","Yamaguchi-ken","611028",""
"1999","36000","Tokushima-ken","414495",""
"1999","37000","Kagawa-ken","187583",""
"1999","38000","Ehime-ken","567611",""
"1999","39000","Kochi-ken","710454",""
"1999","40000","Fukuoka-ken","496983",""
"1999","41000","Saga-ken","243918",""
"1999","42000","Nagasaki-ken","409204",""
"1999","43000","Kumamoto-ken","740351",""
"1999","44000","Oita-ken","633785",""
"1999","45000","Miyazaki-ken","773428",""
"1999","46000","Kagoshima-ken","918665",""
"1999","47000","Okinawa-ken","226909",""
"2000","00000","Japan","37787306",""
"2000","01000","Hokkaido","8345304",""
"2000","02000","Aomori-ken","960633",""
"2000","03000","Iwate-ken","1527840",""
"2000","04000","Miyagi-ken","728507",""
"2000","05000","Akita-ken","1161211",""
"2000","06000","Yamagata-ken","932334",""
"2000","07000","Fukushima-ken","1378248",""
"2000","08000","Ibaraki-ken","609558",""
"2000","09000","Tochigi-ken","640828",""
"2000","10000","Gumma-ken","636316",""
"2000","11000","Saitama-ken","379730",""
"2000","12000","Chiba-ken","515619",""
"2000","13000","Tokyo-to","218690",""
"2000","14000","Kanagawa-ken","241541",""
"2000","15000","Niigata-ken","1258237",""
"2000","16000","Toyama-ken","424722",""
"2000","17000","Ishikawa-ken","418522",""
"2000","18000","Fukui-ken","418875",""
"2000","19000","Yamanashi-ken","446537",""
"2000","20000","Nagano-ken","1358522",""
"2000","21000","Gifu-ken","1059818",""
"2000","22000","Shizuoka-ken","777946",""
"2000","23000","Aichi-ken","515584",""
"2000","24000","Mie-ken","577640",""
"2000","25000","Shiga-ken","401736",""
"2000","26000","Kyoto-fu","461294",""
"2000","27000","Osaka-fu","189286",""
"2000","28000","Hyogo-ken","839203",""
"2000","29000","Nara-ken","369109",""
"2000","30000","Wakayama-ken","472555",""
"2000","31000","Tottori-ken","350717",""
"2000","32000","Shimane-ken","670729",""
"2000","33000","Okayama-ken","711213",""
"2000","34000","Hiroshima-ken","847695",""
"2000","35000","Yamaguchi-ken","611045",""
"2000","36000","Tokushima-ken","414510",""
"2000","37000","Kagawa-ken","187588",""
"2000","38000","Ehime-ken","567622",""
"2000","39000","Kochi-ken","710466",""
"2000","40000","Fukuoka-ken","497101",""
"2000","41000","Saga-ken","243923",""
"2000","42000","Nagasaki-ken","409244",""
"2000","43000","Kumamoto-ken","740368",""
"2000","44000","Oita-ken","633797",""
"2000","45000","Miyazaki-ken","773440",""
"2000","46000","Kagoshima-ken","918671",""
"2000","47000","Okinawa-ken","227130",""
"2001","00000","Japan","37788025",""
"2001","01000","Hokkaido","8345357",""
"2001","02000","Aomori-ken","960652",""
"2001","03000","Iwate-ken","1527851",""
"2001","04000","Miyagi-ken","728516",""
"2001","05000","Akita-ken","1161222",""
"2001","06000","Yamagata-ken","932339",""
"2001","07000","Fukushima-ken","1378254",""
"2001","08000","Ibaraki-ken","609562",""
"2001","09000","Tochigi-ken","640828",""
"2001","10000","Gumma-ken","636316",""
"2001","11000","Saitama-ken","379730",""
"2001","12000","Chiba-ken","515641",""
"2001","13000","Tokyo-to","218690",""
"2001","14000","Kanagawa-ken","241542",""
"2001","15000","Niigata-ken","1258239",""
"2001","16000","Toyama-ken","424722",""
"2001","17000","Ishikawa-ken","418532",""
"2001","18000","Fukui-ken","418876",""
"2001","19000","Yamanashi-ken","446537",""
"2001","20000","Nagano-ken","1358522",""
"2001","21000","Gifu-ken","1059818",""
"2001","22000","Shizuoka-ken","777955",""
"2001","23000","Aichi-ken","515666",""
"2001","24000","Mie-ken","577644",""
"2001","25000","Shiga-ken","401736",""
"2001","26000","Kyoto-fu","461293",""
"2001","27000","Osaka-fu","189318",""
"2001","28000","Hyogo-ken","839242",""
"2001","29000","Nara-ken","369109",""
"2001","30000","Wakayama-ken","472558",""
"2001","31000","Tottori-ken","350719",""
"2001","32000","Shimane-ken","670732",""
"2001","33000","Okayama-ken","711221",""
"2001","34000","Hiroshima-ken","847706",""
"2001","35000","Yamaguchi-ken","611076",""
"2001","36000","Tokushima-ken","414526",""
"2001","37000","Kagawa-ken","187592",""
"2001","38000","Ehime-ken","567644",""
"2001","39000","Kochi-ken","710470",""
"2001","40000","Fukuoka-ken","497257",""
"2001","41000","Saga-ken","243923",""
"2001","42000","Nagasaki-ken","409280",""
"2001","43000","Kumamoto-ken","740381",""
"2001","44000","Oita-ken","633819",""
"2001","45000","Miyazaki-ken","773463",""
"2001","46000","Kagoshima-ken","918690",""
"2001","47000","Okinawa-ken","227157",""
"2002","00000","Japan","37788725",""
"2002","01000","Hokkaido","8345408",""
"2002","02000","Aomori-ken","960659",""
"2002","03000","Iwate-ken","1527853",""
"2002","04000","Miyagi-ken","728527",""
"2002","05000","Akita-ken","1161222",""
"2002","06000","Yamagata-ken","932339",""
"2002","07000","Fukushima-ken","1378254",""
"2002","08000","Ibaraki-ken","609562",""
"2002","09000","Tochigi-ken","640828",""
"2002","10000","Gumma-ken","636316",""
"2002","11000","Saitama-ken","379730",""
"2002","12000","Chiba-ken","515658",""
"2002","13000","Tokyo-to","218690",""
"2002","14000","Kanagawa-ken","241547",""
"2002","15000","Niigata-ken","1258244",""
"2002","16000","Toyama-ken","424730",""
"2002","17000","Ishikawa-ken","418537",""
"2002","18000","Fukui-ken","418899",""
"2002","19000","Yamanashi-ken","446537",""
"2002","20000","Nagano-ken","1358522",""
"2002","21000","Gifu-ken","1059818",""
"2002","22000","Shizuoka-ken","777963",""
"2002","23000","Aichi-ken","515784",""
"2002","24000","Mie-ken","577645",""
"2002","25000","Shiga-ken","401736",""
"2002","26000","Kyoto-fu","461297",""
"2002","27000","Osaka-fu","189359",""
"2002","28000","Hyogo-ken","839283",""
"2002","29000","Nara-ken","369109",""
"2002","30000","Wakayama-ken","472563",""
"2002","31000","Tottori-ken","350720",""
"2002","32000","Shimane-ken","670734",""
"2002","33000","Okayama-ken","711232",""
"2002","34000","Hiroshima-ken","847736",""
"2002","35000","Yamaguchi-ken","611083",""
"2002","36000","Tokushima-ken","414532",""
"2002","37000","Kagawa-ken","187598",""
"2002","38000","Ehime-ken","567659",""
"2002","39000","Kochi-ken","710486",""
"2002","40000","Fukuoka-ken","497298",""
"2002","41000","Saga-ken","243926",""
"2002","42000","Nagasaki-ken","409357",""
"2002","43000","Kumamoto-ken","740414",""
"2002","44000","Oita-ken","633841",""
"2002","45000","Miyazaki-ken","773467",""
"2002","46000","Kagoshima-ken","918708",""
"2002","47000","Okinawa-ken","227213",""
"2003","00000","Japan","37789920",""
"2003","01000","Hokkaido","8345471",""
"2003","02000","Aomori-ken","960675",""
"2003","03000","Iwate-ken","1527863",""
"2003","04000","Miyagi-ken","728530",""
"2003","05000","Akita-ken","1161222",""
"2003","06000","Yamagata-ken","932339",""
"2003","07000","Fukushima-ken","1378275",""
"2003","08000","Ibaraki-ken","609568",""
"2003","09000","Tochigi-ken","640828",""
"2003","10000","Gumma-ken","636316",""
"2003","11000","Saitama-ken","379730",""
"2003","12000","Chiba-ken","515661",""
"2003","13000","Tokyo-to","218694",""
"2003","14000","Kanagawa-ken","241569",""
"2003","15000","Niigata-ken","1258248",""
"2003","16000","Toyama-ken","424734",""
"2003","17000","Ishikawa-ken","418539",""
"2003","18000","Fukui-ken","418901",""
"2003","19000","Yamanashi-ken","446537",""
"2003","20000","Nagano-ken","1358522",""
"2003","21000","Gifu-ken","1059818",""
"2003","22000","Shizuoka-ken","777981",""
"2003","23000","Aichi-ken","516215",""
"2003","24000","Mie-ken","577656",""
"2003","25000","Shiga-ken","401736",""
"2003","26000","Kyoto-fu","461297",""
"2003","27000","Osaka-fu","189373",""
"2003","28000","Hyogo-ken","839334",""
"2003","29000","Nara-ken","369109",""
"2003","30000","Wakayama-ken","472567",""
"2003","31000","Tottori-ken","350721",""
"2003","32000","Shimane-ken","670746",""
"2003","33000","Okayama-ken","711267",""
"2003","34000","Hiroshima-ken","847758",""
"2003","35000","Yamaguchi-ken","611094",""
"2003","36000","Tokushima-ken","414546",""
"2003","37000","Kagawa-ken","187616",""
"2003","38000","Ehime-ken","567676",""
"2003","39000","Kochi-ken","710487",""
"2003","40000","Fukuoka-ken","497395",""
"2003","41000","Saga-ken","243931",""
"2003","42000","Nagasaki-ken","409404",""
"2003","43000","Kumamoto-ken","740431",""
"2003","44000","Oita-ken","633882",""
"2003","45000","Miyazaki-ken","773476",""
"2003","46000","Kagoshima-ken","918739",""
"2003","47000","Okinawa-ken","227341",""
"2004","00000","Japan","37790697",""
"2004","01000","Hokkaido","8345533",""
"2004","02000","Aomori-ken","960683",""
"2004","03000","Iwate-ken","1527868",""
"2004","04000","Miyagi-ken","728553",""
"2004","05000","Akita-ken","1161222",""
"2004","06000","Yamagata-ken","932339",""
"2004","07000","Fukushima-ken","1378275",""
"2004","08000","Ibaraki-ken","609568",""
"2004","09000","Tochigi-ken","640828",""
"2004","10000","Gumma-ken","636316",""
"2004","11000","Saitama-ken","379730",""
"2004","12000","Chiba-ken","515664",""
"2004","13000","Tokyo-to","218694",""
"2004","14000","Kanagawa-ken","241585",""
"2004","15000","Niigata-ken","1258260",""
"2004","16000","Toyama-ken","424734",""
"2004","17000","Ishikawa-ken","418543",""
"2004","18000","Fukui-ken","418922",""
"2004","19000","Yamanashi-ken","446537",""
"2004","20000","Nagano-ken","1358522",""
"2004","21000","Gifu-ken","1059818",""
"2004","22000","Shizuoka-ken","777987",""
"2004","23000","Aichi-ken","516251",""
"2004","24000","Mie-ken","577660",""
"2004","25000","Shiga-ken","401736",""
"2004","26000","Kyoto-fu","461298",""
"2004","27000","Osaka-fu","189376",""
"2004","28000","Hyogo-ken","839410",""
"2004","29000","Nara-ken","369109",""
"2004","30000","Wakayama-ken","472582",""
"2004","31000","Tottori-ken","350725",""
"2004","32000","Shimane-ken","670752",""
"2004","33000","Okayama-ken","711272",""
"2004","34000","Hiroshima-ken","847775",""
"2004","35000","Yamaguchi-ken","611117",""
"2004","36000","Tokushima-ken","414548",""
"2004","37000","Kagawa-ken","187623",""
"2004","38000","Ehime-ken","567703",""
"2004","39000","Kochi-ken","710494",""
"2004","40000","Fukuoka-ken","497521",""
"2004","41000","Saga-ken","243954",""
"2004","42000","Nagasaki-ken","409464",""
"2004","43000","Kumamoto-ken","740466",""
"2004","44000","Oita-ken","633915",""
"2004","45000","Miyazaki-ken","773477",""
"2004","46000","Kagoshima-ken","918754",""
"2004","47000","Okinawa-ken","227432",""
"2005","00000","Japan","37791478",""
"2005","01000","Hokkaido","8345573",""
"2005","02000","Aomori-ken","960688",""
"2005","03000","Iwate-ken","1527871",""
"2005","04000","Miyagi-ken","728560",""
"2005","05000","Akita-ken","1161222",""
"2005","06000","Yamagata-ken","932339",""
"2005","07000","Fukushima-ken","1378275",""
"2005","08000","Ibaraki-ken","609568",""
"2005","09000","Tochigi-ken","640828",""
"2005","10000","Gumma-ken","636316",""
"2005","11000","Saitama-ken","379730",""
"2005","12000","Chiba-ken","515668",""
"2005","13000","Tokyo-to","218696",""
"2005","14000","Kanagawa-ken","241584",""
"2005","15000","Niigata-ken","1258332",""
"2005","16000","Toyama-ken","424739",""
"2005","17000","Ishikawa-ken","418546",""
"2005","18000","Fukui-ken","418925",""
"2005","19000","Yamanashi-ken","446537",""
"2005","20000","Nagano-ken","1356223",""
"2005","21000","Gifu-ken","1062117",""
"2005","22000","Shizuoka-ken","778003",""
"2005","23000","Aichi-ken","516402",""
"2005","24000","Mie-ken","577668",""
"2005","25000","Shiga-ken","401736",""
"2005","26000","Kyoto-fu","461300",""
"2005","27000","Osaka-fu","189431",""
"2005","28000","Hyogo-ken","839492",""
"2005","29000","Nara-ken","369109",""
"2005","30000","Wakayama-ken","472608",""
"2005","31000","Tottori-ken","350725",""
"2005","32000","Shimane-ken","670756",""
"2005","33000","Okayama-ken","711273",""
"2005","34000","Hiroshima-ken","847792",""
"2005","35000","Yamaguchi-ken","611191",""
"2005","36000","Tokushima-ken","414533",""
"2005","37000","Kagawa-ken","187641",""
"2005","38000","Ehime-ken","567712",""
"2005","39000","Kochi-ken","710501",""
"2005","40000","Fukuoka-ken","497612",""
"2005","41000","Saga-ken","243958",""
"2005","42000","Nagasaki-ken","409476",""
"2005","43000","Kumamoto-ken","740483",""
"2005","44000","Oita-ken","633932",""
"2005","45000","Miyazaki-ken","773477",""
"2005","46000","Kagoshima-ken","918769",""
"2005","47000","Okinawa-ken","227459",""
"2006","00000","Japan","37792314",""
"2006","01000","Hokkaido","8345620",""
"2006","02000","Aomori-ken","960704",""
"2006","03000","Iwate-ken","1527877",""
"2006","04000","Miyagi-ken","728573",""
"2006","05000","Akita-ken","1161222",""
"2006","06000","Yamagata-ken","932344",""
"2006","07000","Fukushima-ken","1378275",""
"2006","08000","Ibaraki-ken","609569",""
"2006","09000","Tochigi-ken","640828",""
"2006","10000","Gumma-ken","636316",""
"2006","11000","Saitama-ken","379730",""
"2006","12000","Chiba-ken","515668",""
"2006","13000","Tokyo-to","218727",""
"2006","14000","Kanagawa-ken","241584",""
"2006","15000","Niigata-ken","1258346",""
"2006","16000","Toyama-ken","424740",""
"2006","17000","Ishikawa-ken","418547",""
"2006","18000","Fukui-ken","418927",""
"2006","19000","Yamanashi-ken","446537",""
"2006","20000","Nagano-ken","1356223",""
"2006","21000","Gifu-ken","1062117",""
"2006","22000","Shizuoka-ken","778009",""
"2006","23000","Aichi-ken","516406",""
"2006","24000","Mie-ken","577687",""
"2006","25000","Shiga-ken","401736",""
"2006","26000","Kyoto-fu","461300",""
"2006","27000","Osaka-fu","189683",""
"2006","28000","Hyogo-ken","839547",""
"2006","29000","Nara-ken","369109",""
"2006","30000","Wakayama-ken","472612",""
"2006","31000","Tottori-ken","350726",""
"2006","32000","Shimane-ken","670757",""
"2006","33000","Okayama-ken","711300",""
"2006","34000","Hiroshima-ken","847852",""
"2006","35000","Yamaguchi-ken","611222",""
"2006","36000","Tokushima-ken","414569",""
"2006","37000","Kagawa-ken","187647",""
"2006","38000","Ehime-ken","567738",""
"2006","39000","Kochi-ken","710501",""
"2006","40000","Fukuoka-ken","497617",""
"2006","41000","Saga-ken","243958",""
"2006","42000","Nagasaki-ken","409522",""
"2006","43000","Kumamoto-ken","740521",""
"2006","44000","Oita-ken","633933",""
"2006","45000","Miyazaki-ken","773478",""
"2006","46000","Kagoshima-ken","918780",""
"2006","47000","Okinawa-ken","227528",""
"2007","00000","Japan","37792999",""
"2007","01000","Hokkaido","8345638",""
"2007","02000","Aomori-ken","960705",""
"2007","03000","Iwate-ken","1527885",""
"2007","04000","Miyagi-ken","728574",""
"2007","05000","Akita-ken","1161222",""
"2007","06000","Yamagata-ken","932346",""
"2007","07000","Fukushima-ken","1378275",""
"2007","08000","Ibaraki-ken","609569",""
"2007","09000","Tochigi-ken","640828",""
"2007","10000","Gumma-ken","636316",""
"2007","11000","Saitama-ken","379730",""
"2007","12000","Chiba-ken","515670",""
"2007","13000","Tokyo-to","218743",""
"2007","14000","Kanagawa-ken","241584",""
"2007","15000","Niigata-ken","1258347",""
"2007","16000","Toyama-ken","424755",""
"2007","17000","Ishikawa-ken","418548",""
"2007","18000","Fukui-ken","418928",""
"2007","19000","Yamanashi-ken","446537",""
"2007","20000","Nagano-ken","1356223",""
"2007","21000","Gifu-ken","1062117",""
"2007","22000","Shizuoka-ken","778012",""
"2007","23000","Aichi-ken","516457",""
"2007","24000","Mie-ken","577717",""
"2007","25000","Shiga-ken","401736",""
"2007","26000","Kyoto-fu","461300",""
"2007","27000","Osaka-fu","189772",""
"2007","28000","Hyogo-ken","839561",""
"2007","29000","Nara-ken","369109",""
"2007","30000","Wakayama-ken","472628",""
"2007","31000","Tottori-ken","350726",""
"2007","32000","Shimane-ken","670778",""
"2007","33000","Okayama-ken","711320",""
"2007","34000","Hiroshima-ken","847903",""
"2007","35000","Yamaguchi-ken","611273",""
"2007","36000","Tokushima-ken","414590",""
"2007","37000","Kagawa-ken","187651",""
"2007","38000","Ehime-ken","567755",""
"2007","39000","Kochi-ken","710504",""
"2007","40000","Fukuoka-ken","497659",""
"2007","41000","Saga-ken","243958",""
"2007","42000","Nagasaki-ken","409555",""
"2007","43000","Kumamoto-ken","740569",""
"2007","44000","Oita-ken","633934",""
"2007","45000","Miyazaki-ken","773478",""
"2007","46000","Kagoshima-ken","918841",""
"2007","47000","Okinawa-ken","227571",""
"2008","00000","Japan","37794357",""
"2008","01000","Hokkaido","8345658",""
"2008","02000","Aomori-ken","960711",""
"2008","03000","Iwate-ken","1527886",""
"2008","04000","Miyagi-ken","728575",""
"2008","05000","Akita-ken","1161228",""
"2008","06000","Yamagata-ken","932346",""
"2008","07000","Fukushima-ken","1378275",""
"2008","08000","Ibaraki-ken","609569",""
"2008","09000","Tochigi-ken","640828",""
"2008","10000","Gumma-ken","636316",""
"2008","11000","Saitama-ken","379730",""
"2008","12000","Chiba-ken","515670",""
"2008","13000","Tokyo-to","218750",""
"2008","14000","Kanagawa-ken","241584",""
"2008","15000","Niigata-ken","1258348",""
"2008","16000","Toyama-ken","424755",""
"2008","17000","Ishikawa-ken","418554",""
"2008","18000","Fukui-ken","418954",""
"2008","19000","Yamanashi-ken","446537",""
"2008","20000","Nagano-ken","1356223",""
"2008","21000","Gifu-ken","1062117",""
"2008","22000","Shizuoka-ken","778033",""
"2008","23000","Aichi-ken","516457",""
"2008","24000","Mie-ken","577719",""
"2008","25000","Shiga-ken","401736",""
"2008","26000","Kyoto-fu","461301",""
"2008","27000","Osaka-fu","189785",""
"2008","28000","Hyogo-ken","839584",""
"2008","29000","Nara-ken","369109",""
"2008","30000","Wakayama-ken","472629",""
"2008","31000","Tottori-ken","350726",""
"2008","32000","Shimane-ken","670786",""
"2008","33000","Okayama-ken","711321",""
"2008","34000","Hiroshima-ken","847905",""
"2008","35000","Yamaguchi-ken","611381",""
"2008","36000","Tokushima-ken","414655",""
"2008","37000","Kagawa-ken","187651",""
"2008","38000","Ehime-ken","567773",""
"2008","39000","Kochi-ken","710513",""
"2008","40000","Fukuoka-ken","497697",""
"2008","41000","Saga-ken","243960",""
"2008","42000","Nagasaki-ken","410448",""
"2008","43000","Kumamoto-ken","740580",""
"2008","44000","Oita-ken","633954",""
"2008","45000","Miyazaki-ken","773480",""
"2008","46000","Kagoshima-ken","918867",""
"2008","47000","Okinawa-ken","227591",""
"2009","00000","Japan","37794651",""
"2009","01000","Hokkaido","8345675",""
"2009","02000","Aomori-ken","964421",""
"2009","03000","Iwate-ken","1527889",""
"2009","04000","Miyagi-ken","728575",""
"2009","05000","Akita-ken","1163625",""
"2009","06000","Yamagata-ken","932346",""
"2009","07000","Fukushima-ken","1378275",""
"2009","08000","Ibaraki-ken","609569",""
"2009","09000","Tochigi-ken","640828",""
"2009","10000","Gumma-ken","636316",""
"2009","11000","Saitama-ken","379730",""
"2009","12000","Chiba-ken","515670",""
"2009","13000","Tokyo-to","218750",""
"2009","14000","Kanagawa-ken","241585",""
"2009","15000","Niigata-ken","1258373",""
"2009","16000","Toyama-ken","424759",""
"2009","17000","Ishikawa-ken","418558",""
"2009","18000","Fukui-ken","418959",""
"2009","19000","Yamanashi-ken","446537",""
"2009","20000","Nagano-ken","1356223",""
"2009","21000","Gifu-ken","1062117",""
"2009","22000","Shizuoka-ken","778038",""
"2009","23000","Aichi-ken","516458",""
"2009","24000","Mie-ken","577722",""
"2009","25000","Shiga-ken","401736",""
"2009","26000","Kyoto-fu","461313",""
"2009","27000","Osaka-fu","189801",""
"2009","28000","Hyogo-ken","839589",""
"2009","29000","Nara-ken","369109",""
"2009","30000","Wakayama-ken","472629",""
"2009","31000","Tottori-ken","350726",""
"2009","32000","Shimane-ken","670786",""
"2009","33000","Okayama-ken","711321",""
"2009","34000","Hiroshima-ken","847927",""
"2009","35000","Yamaguchi-ken","611389",""
"2009","36000","Tokushima-ken","414667",""
"2009","37000","Kagawa-ken","187653",""
"2009","38000","Ehime-ken","567800",""
"2009","39000","Kochi-ken","710516",""
"2009","40000","Fukuoka-ken","497720",""
"2009","41000","Saga-ken","243965",""
"2009","42000","Nagasaki-ken","410505",""
"2009","43000","Kumamoto-ken","740584",""
"2009","44000","Oita-ken","633958",""
"2009","45000","Miyazaki-ken","773483",""
"2009","46000","Kagoshima-ken","918875",""
"2009","47000","Okinawa-ken","227601",""
"2010","00000","Japan","37795010",""
"2010","01000","Hokkaido","8345687",""
"2010","02000","Aomori-ken","964454",""
"2010","03000","Iwate-ken","1527889",""
"2010","04000","Miyagi-ken","728576",""
"2010","05000","Akita-ken","1163625",""
"2010","06000","Yamagata-ken","932346",""
"2010","07000","Fukushima-ken","1378276",""
"2010","08000","Ibaraki-ken","609572",""
"2010","09000","Tochigi-ken","640828",""
"2010","10000","Gumma-ken","636233",""
"2010","11000","Saitama-ken","379813",""
"2010","12000","Chiba-ken","515670",""
"2010","13000","Tokyo-to","218750",""
"2010","14000","Kanagawa-ken","241586",""
"2010","15000","Niigata-ken","1258381",""
"2010","16000","Toyama-ken","424761",""
"2010","17000","Ishikawa-ken","418566",""
"2010","18000","Fukui-ken","418983",""
"2010","19000","Yamanashi-ken","446537",""
"2010","20000","Nagano-ken","1356223",""
"2010","21000","Gifu-ken","1062117",""
"2010","22000","Shizuoka-ken","778042",""
"2010","23000","Aichi-ken","516504",""
"2010","24000","Mie-ken","577727",""
"2010","25000","Shiga-ken","401736",""
"2010","26000","Kyoto-fu","461321",""
"2010","27000","Osaka-fu","189847",""
"2010","28000","Hyogo-ken","839613",""
"2010","29000","Nara-ken","369109",""
"2010","30000","Wakayama-ken","472629",""
"2010","31000","Tottori-ken","350728",""
"2010","32000","Shimane-ken","670795",""
"2010","33000","Okayama-ken","711321",""
"2010","34000","Hiroshima-ken","847958",""
"2010","35000","Yamaguchi-ken","611395",""
"2010","36000","Tokushima-ken","414667",""
"2010","37000","Kagawa-ken","187653",""
"2010","38000","Ehime-ken","567818",""
"2010","39000","Kochi-ken","710516",""
"2010","40000","Fukuoka-ken","497724",""
"2010","41000","Saga-ken","243965",""
"2010","42000","Nagasaki-ken","410533",""
"2010","43000","Kumamoto-ken","740473",""
"2010","44000","Oita-ken","633971",""
"2010","45000","Miyazaki-ken","773599",""
"2010","46000","Kagoshima-ken","918878",""
"2010","47000","Okinawa-ken","227615",""
"2011","00000","Japan","37795484",""
"2011","01000","Hokkaido","8345700",""
"2011","02000","Aomori-ken","964455",""
"2011","03000","Iwate-ken","1527889",""
"2011","04000","Miyagi-ken","728577",""
"2011","05000","Akita-ken","1163628",""
"2011","06000","Yamagata-ken","932346",""
"2011","07000","Fukushima-ken","1378276",""
"2011","08000","Ibaraki-ken","609572",""
"2011","09000","Tochigi-ken","640828",""
"2011","10000","Gumma-ken","636233",""
"2011","11000","Saitama-ken","379808",""
"2011","12000","Chiba-ken","515661",""
"2011","13000","Tokyo-to","218867",""
"2011","14000","Kanagawa-ken","241586",""
"2011","15000","Niigata-ken","1258383",""
"2011","16000","Toyama-ken","424761",""
"2011","17000","Ishikawa-ken","418567",""
"2011","18000","Fukui-ken","418988",""
"2011","19000","Yamanashi-ken","446537",""
"2011","20000","Nagano-ken","1356223",""
"2011","21000","Gifu-ken","1062117",""
"2011","22000","Shizuoka-ken","778050",""
"2011","23000","Aichi-ken","516512",""
"2011","24000","Mie-ken","577731",""
"2011","25000","Shiga-ken","401736",""
"2011","26000","Kyoto-fu","461321",""
"2011","27000","Osaka-fu","189928",""
"2011","28000","Hyogo-ken","839616",""
"2011","29000","Nara-ken","369109",""
"2011","30000","Wakayama-ken","472629",""
"2011","31000","Tottori-ken","350728",""
"2011","32000","Shimane-ken","670796",""
"2011","33000","Okayama-ken","711323",""
"2011","34000","Hiroshima-ken","847970",""
"2011","35000","Yamaguchi-ken","611409",""
"2011","36000","Tokushima-ken","414674",""
"2011","37000","Kagawa-ken","187655",""
"2011","38000","Ehime-ken","567833",""
"2011","39000","Kochi-ken","710516",""
"2011","40000","Fukuoka-ken","497851",""
"2011","41000","Saga-ken","243965",""
"2011","42000","Nagasaki-ken","410547",""
"2011","43000","Kumamoto-ken","740479",""
"2011","44000","Oita-ken","633974",""
"2011","45000","Miyazaki-ken","773599",""
"2011","46000","Kagoshima-ken","918882",""
"2011","47000","Okinawa-ken","227649",""
"2012","00000","Japan","37795991",""
"2012","01000","Hokkaido","8345706",""
"2012","02000","Aomori-ken","964470",""
"2012","03000","Iwate-ken","1527889",""
"2012","04000","Miyagi-ken","728577",""
"2012","05000","Akita-ken","1163630",""
"2012","06000","Yamagata-ken","932346",""
"2012","07000","Fukushima-ken","1378276",""
"2012","08000","Ibaraki-ken","609572",""
"2012","09000","Tochigi-ken","640828",""
"2012","10000","Gumma-ken","636233",""
"2012","11000","Saitama-ken","379808",""
"2012","12000","Chiba-ken","515662",""
"2012","13000","Tokyo-to","218867",""
"2012","14000","Kanagawa-ken","241586",""
"2012","15000","Niigata-ken","1258384",""
"2012","16000","Toyama-ken","424761",""
"2012","17000","Ishikawa-ken","418616",""
"2012","18000","Fukui-ken","418988",""
"2012","19000","Yamanashi-ken","446537",""
"2012","20000","Nagano-ken","1356223",""
"2012","21000","Gifu-ken","1062117",""
"2012","22000","Shizuoka-ken","778060",""
"2012","23000","Aichi-ken","516514",""
"2012","24000","Mie-ken","577731",""
"2012","25000","Shiga-ken","401736",""
"2012","26000","Kyoto-fu","461321",""
"2012","27000","Osaka-fu","190142",""
"2012","28000","Hyogo-ken","839639",""
"2012","29000","Nara-ken","369109",""
"2012","30000","Wakayama-ken","472629",""
"2012","31000","Tottori-ken","350731",""
"2012","32000","Shimane-ken","670798",""
"2012","33000","Okayama-ken","711323",""
"2012","34000","Hiroshima-ken","847973",""
"2012","35000","Yamaguchi-ken","611413",""
"2012","36000","Tokushima-ken","414680",""
"2012","37000","Kagawa-ken","187655",""
"2012","38000","Ehime-ken","567850",""
"2012","39000","Kochi-ken","710519",""
"2012","40000","Fukuoka-ken","497930",""
"2012","41000","Saga-ken","243965",""
"2012","42000","Nagasaki-ken","410575",""
"2012","43000","Kumamoto-ken","740485",""
"2012","44000","Oita-ken","633975",""
"2012","45000","Miyazaki-ken","773599",""
"2012","46000","Kagoshima-ken","918899",""
"2012","47000","Okinawa-ken","227664",""
"2013","00000","Japan","37796173",""
"2013","01000","Hokkaido","8345748",""
"2013","02000","Aomori-ken","964474",""
"2013","03000","Iwate-ken","1527889",""
"2013","04000","Miyagi-ken","728580",""
"2013","05000","Akita-ken","1163632",""
"2013","06000","Yamagata-ken","932346",""
"2013","07000","Fukushima-ken","1378276",""
"2013","08000","Ibaraki-ken","609584",""
"2013","09000","Tochigi-ken","640828",""
"2013","10000","Gumma-ken","636233",""
"2013","11000","Saitama-ken","379808",""
"2013","12000","Chiba-ken","515662",""
"2013","13000","Tokyo-to","218867",""
"2013","14000","Kanagawa-ken","241605",""
"2013","15000","Niigata-ken","1258384",""
"2013","16000","Toyama-ken","424762",""
"2013","17000","Ishikawa-ken","418621",""
"2013","18000","Fukui-ken","418989",""
"2013","19000","Yamanashi-ken","446537",""
"2013","20000","Nagano-ken","1356223",""
"2013","21000","Gifu-ken","1062117",""
"2013","22000","Shizuoka-ken","778060",""
"2013","23000","Aichi-ken","516516",""
"2013","24000","Mie-ken","577735",""
"2013","25000","Shiga-ken","401736",""
"2013","26000","Kyoto-fu","461326",""
"2013","27000","Osaka-fu","190142",""
"2013","28000","Hyogo-ken","839647",""
"2013","29000","Nara-ken","369109",""
"2013","30000","Wakayama-ken","472632",""
"2013","31000","Tottori-ken","350731",""
"2013","32000","Shimane-ken","670798",""
"2013","33000","Okayama-ken","711324",""
"2013","34000","Hiroshima-ken","847981",""
"2013","35000","Yamaguchi-ken","611414",""
"2013","36000","Tokushima-ken","414681",""
"2013","37000","Kagawa-ken","187658",""
"2013","38000","Ehime-ken","567851",""
"2013","39000","Kochi-ken","710520",""
"2013","40000","Fukuoka-ken","497942",""
"2013","41000","Saga-ken","243967",""
"2013","42000","Nagasaki-ken","410588",""
"2013","43000","Kumamoto-ken","740489",""
"2013","44000","Oita-ken","633982",""
"2013","45000","Miyazaki-ken","773608",""
"2013","46000","Kagoshima-ken","918899",""
"2013","47000","Okinawa-ken","227672",""
"2014","00000","Japan","37797228",""
"2014","01000","Hokkaido","8342422",""
"2014","02000","Aomori-ken","964540",""
"2014","03000","Iwate-ken","1527501",""
"2014","04000","Miyagi-ken","728214",""
"2014","05000","Akita-ken","1163754",""
"2014","06000","Yamagata-ken","932315",""
"2014","07000","Fukushima-ken","1378375",""
"2014","08000","Ibaraki-ken","609693",""
"2014","09000","Tochigi-ken","640809",""
"2014","10000","Gumma-ken","636228",""
"2014","11000","Saitama-ken","379775",""
"2014","12000","Chiba-ken","515764",""
"2014","13000","Tokyo-to","219090",""
"2014","14000","Kanagawa-ken","241581",""
"2014","15000","Niigata-ken","1258410",""
"2014","16000","Toyama-ken","424761",""
"2014","17000","Ishikawa-ken","418615",""
"2014","18000","Fukui-ken","419043",""
"2014","19000","Yamanashi-ken","446499",""
"2014","20000","Nagano-ken","1356156",""
"2014","21000","Gifu-ken","1062129",""
"2014","22000","Shizuoka-ken","777870",""
"2014","23000","Aichi-ken","517240",""
"2014","24000","Mie-ken","577439",""
"2014","25000","Shiga-ken","401738",""
"2014","26000","Kyoto-fu","461220",""
"2014","27000","Osaka-fu","190499",""
"2014","28000","Hyogo-ken","840090",""
"2014","29000","Nara-ken","369094",""
"2014","30000","Wakayama-ken","472468",""
"2014","31000","Tottori-ken","350705",""
"2014","32000","Shimane-ken","670823",""
"2014","33000","Okayama-ken","711462",""
"2014","34000","Hiroshima-ken","847938",""
"2014","35000","Yamaguchi-ken","611230",""
"2014","36000","Tokushima-ken","414693",""
"2014","37000","Kagawa-ken","187673",""
"2014","38000","Ehime-ken","567610",""
"2014","39000","Kochi-ken","710391",""
"2014","40000","Fukuoka-ken","498640",""
"2014","41000","Saga-ken","244064",""
"2014","42000","Nagasaki-ken","413232",""
"2014","43000","Kumamoto-ken","740932",""
"2014","44000","Oita-ken","634061",""
"2014","45000","Miyazaki-ken","773531",""
"2014","46000","Kagoshima-ken","918810",""
"2014","47000","Okinawa-ken","228100",""
"2015","00000","Japan","37797075",""
"2015","01000","Hokkaido","8342431",""
"2015","02000","Aomori-ken","964559",""
"2015","03000","Iwate-ken","1527501",""
"2015","04000","Miyagi-ken","728222",""
"2015","05000","Akita-ken","1163754",""
"2015","06000","Yamagata-ken","932315",""
"2015","07000","Fukushima-ken","1378374",""
"2015","08000","Ibaraki-ken","609706",""
"2015","09000","Tochigi-ken","640809",""
"2015","10000","Gumma-ken","636228",""
"2015","11000","Saitama-ken","379775",""
"2015","12000","Chiba-ken","515765",""
"2015","13000","Tokyo-to","219093",""
"2015","14000","Kanagawa-ken","241583",""
"2015","15000","Niigata-ken","1258410",""
"2015","16000","Toyama-ken","424761",""
"2015","17000","Ishikawa-ken","418609",""
"2015","18000","Fukui-ken","419049",""
"2015","19000","Yamanashi-ken","446527",""
"2015","20000","Nagano-ken","1356156",""
"2015","21000","Gifu-ken","1062129",""
"2015","22000","Shizuoka-ken","777742",""
"2015","23000","Aichi-ken","517248",""
"2015","24000","Mie-ken","577440",""
"2015","25000","Shiga-ken","401738",""
"2015","26000","Kyoto-fu","461219",""
"2015","27000","Osaka-fu","190514",""
"2015","28000","Hyogo-ken","840096",""
"2015","29000","Nara-ken","369094",""
"2015","30000","Wakayama-ken","472469",""
"2015","31000","Tottori-ken","350705",""
"2015","32000","Shimane-ken","670824",""
"2015","33000","Okayama-ken","711450",""
"2015","34000","Hiroshima-ken","847945",""
"2015","35000","Yamaguchi-ken","611230",""
"2015","36000","Tokushima-ken","414665",""
"2015","37000","Kagawa-ken","187672",""
"2015","38000","Ehime-ken","567611",""
"2015","39000","Kochi-ken","710393",""
"2015","40000","Fukuoka-ken","498640",""
"2015","41000","Saga-ken","244068",""
"2015","42000","Nagasaki-ken","413209",""
"2015","43000","Kumamoto-ken","740935",""
"2015","44000","Oita-ken","634071",""
"2015","45000","Miyazaki-ken","773531",""
"2015","46000","Kagoshima-ken","918694",""
"2015","47000","Okinawa-ken","228112",""
"2016","00000","Japan","37797157",""
"2016","01000","Hokkaido","8342382",""
"2016","02000","Aomori-ken","964556",""
"2016","03000","Iwate-ken","1527501",""
"2016","04000","Miyagi-ken","728222",""
"2016","05000","Akita-ken","1163752",""
"2016","06000","Yamagata-ken","932315",""
"2016","07000","Fukushima-ken","1378374",""
"2016","08000","Ibaraki-ken","609712",""
"2016","09000","Tochigi-ken","640809",""
"2016","10000","Gumma-ken","636228",""
"2016","11000","Saitama-ken","379775",""
"2016","12000","Chiba-ken","515764",""
"2016","13000","Tokyo-to","219100",""
"2016","14000","Kanagawa-ken","241592",""
"2016","15000","Niigata-ken","1258418",""
"2016","16000","Toyama-ken","424761",""
"2016","17000","Ishikawa-ken","418609",""
"2016","18000","Fukui-ken","419049",""
"2016","19000","Yamanashi-ken","446527",""
"2016","20000","Nagano-ken","1356156",""
"2016","21000","Gifu-ken","1062129",""
"2016","22000","Shizuoka-ken","777743",""
"2016","23000","Aichi-ken","517290",""
"2016","24000","Mie-ken","577441",""
"2016","25000","Shiga-ken","401738",""
"2016","26000","Kyoto-fu","461219",""
"2016","27000","Osaka-fu","190514",""
"2016","28000","Hyogo-ken","840093",""
"2016","29000","Nara-ken","369094",""
"2016","30000","Wakayama-ken","472471",""
"2016","31000","Tottori-ken","350713",""
"2016","32000","Shimane-ken","670824",""
"2016","33000","Okayama-ken","711447",""
"2016","34000","Hiroshima-ken","847947",""
"2016","35000","Yamaguchi-ken","611234",""
"2016","36000","Tokushima-ken","414679",""
"2016","37000","Kagawa-ken","187673",""
"2016","38000","Ehime-ken","567619",""
"2016","39000","Kochi-ken","710393",""
"2016","40000","Fukuoka-ken","498640",""
"2016","41000","Saga-ken","244068",""
"2016","42000","Nagasaki-ken","413220",""
"2016","43000","Kumamoto-ken","740944",""
"2016","44000","Oita-ken","634074",""
"2016","45000","Miyazaki-ken","773531",""
"2016","46000","Kagoshima-ken","918699",""
"2016","47000","Okinawa-ken","228114",""
"2017","00000","Japan","37797389",""
"2017","01000","Hokkaido","8342384",""
"2017","02000","Aomori-ken","964564",""
"2017","03000","Iwate-ken","1527501",""
"2017","04000","Miyagi-ken","728222",""
"2017","05000","Akita-ken","1163752",""
"2017","06000","Yamagata-ken","932315",""
"2017","07000","Fukushima-ken","1378390",""
"2017","08000","Ibaraki-ken","609719",""
"2017","09000","Tochigi-ken","640809",""
"2017","10000","Gumma-ken","636228",""
"2017","11000","Saitama-ken","379775",""
"2017","12000","Chiba-ken","515761",""
"2017","13000","Tokyo-to","219396",""
"2017","14000","Kanagawa-ken","241617",""
"2017","15000","Niigata-ken","1258415",""
"2017","16000","Toyama-ken","424761",""
"2017","17000","Ishikawa-ken","418605",""
"2017","18000","Fukui-ken","419051",""
"2017","19000","Yamanashi-ken","446527",""
"2017","20000","Nagano-ken","1356156",""
"2017","21000","Gifu-ken","1062129",""
"2017","22000","Shizuoka-ken","777742",""
"2017","23000","Aichi-ken","517292",""
"2017","24000","Mie-ken","577441",""
"2017","25000","Shiga-ken","401738",""
"2017","26000","Kyoto-fu","461220",""
"2017","27000","Osaka-fu","190514",""
"2017","28000","Hyogo-ken","840094",""
"2017","29000","Nara-ken","369094",""
"2017","30000","Wakayama-ken","472464",""
"2017","31000","Tottori-ken","350713",""
"2017","32000","Shimane-ken","670826",""
"2017","33000","Okayama-ken","711432",""
"2017","34000","Hiroshima-ken","847963",""
"2017","35000","Yamaguchi-ken","611253",""
"2017","36000","Tokushima-ken","414680",""
"2017","37000","Kagawa-ken","187677",""
"2017","38000","Ehime-ken","567623",""
"2017","39000","Kochi-ken","710386",""
"2017","40000","Fukuoka-ken","498652",""
"2017","41000","Saga-ken","244068",""
"2017","42000","Nagasaki-ken","413088",""
"2017","43000","Kumamoto-ken","740948",""
"2017","44000","Oita-ken","634073",""
"2017","45000","Miyazaki-ken","773532",""
"2017","46000","Kagoshima-ken","918701",""
"2017","47000","Okinawa-ken","228098",""
"2018","00000","Japan","37797417",""
"2018","01000","Hokkaido","8342383",""
"2018","02000","Aomori-ken","964565",""
"2018","03000","Iwate-ken","1527501",""
"2018","04000","Miyagi-ken","728223",""
"2018","05000","Akita-ken","1163752",""
"2018","06000","Yamagata-ken","932315",""
"2018","07000","Fukushima-ken","1378390",""
"2018","08000","Ibaraki-ken","609733",""
"2018","09000","Tochigi-ken","640809",""
"2018","10000","Gumma-ken","636228",""
"2018","11000","Saitama-ken","379775",""
"2018","12000","Chiba-ken","515761",""
"2018","13000","Tokyo-to","219396",""
"2018","14000","Kanagawa-ken","241616",""
"2018","15000","Niigata-ken","1258423",""
"2018","16000","Toyama-ken","424761",""
"2018","17000","Ishikawa-ken","418605",""
"2018","18000","Fukui-ken","419052",""
"2018","19000","Yamanashi-ken","446527",""
"2018","20000","Nagano-ken","1356156",""
"2018","21000","Gifu-ken","1062129",""
"2018","22000","Shizuoka-ken","777735",""
"2018","23000","Aichi-ken","517296",""
"2018","24000","Mie-ken","577442",""
"2018","25000","Shiga-ken","401738",""
"2018","26000","Kyoto-fu","461220",""
"2018","27000","Osaka-fu","190529",""
"2018","28000","Hyogo-ken","840095",""
"2018","29000","Nara-ken","369094",""
"2018","30000","Wakayama-ken","472465",""
"2018","31000","Tottori-ken","350714",""
"2018","32000","Shimane-ken","670827",""
"2018","33000","Okayama-ken","711433",""
"2018","34000","Hiroshima-ken","847961",""
"2018","35000","Yamaguchi-ken","611253",""
"2018","36000","Tokushima-ken","414675",""
"2018","37000","Kagawa-ken","187678",""
"2018","38000","Ehime-ken","567624",""
"2018","39000","Kochi-ken","710363",""
"2018","40000","Fukuoka-ken","498651",""
"2018","41000","Saga-ken","244070",""
"2018","42000","Nagasaki-ken","413090",""
"2018","43000","Kumamoto-ken","740950",""
"2018","44000","Oita-ken","634073",""
"2018","45000","Miyazaki-ken","773532",""
"2018","46000","Kagoshima-ken","918702",""
"2018","47000","Okinawa-ken","228105",""
"2019","00000","Japan","37797524",""
"2019","01000","Hokkaido","8342439",""
"2019","02000","Aomori-ken","964564",""
"2019","03000","Iwate-ken","1527501",""
"2019","04000","Miyagi-ken","728229",""
"2019","05000","Akita-ken","1163752",""
"2019","06000","Yamagata-ken","932315",""
"2019","07000","Fukushima-ken","1378390",""
"2019","08000","Ibaraki-ken","609739",""
"2019","09000","Tochigi-ken","640809",""
"2019","10000","Gumma-ken","636228",""
"2019","11000","Saitama-ken","379775",""
"2019","12000","Chiba-ken","515760",""
"2019","13000","Tokyo-to","219407",""
"2019","14000","Kanagawa-ken","241630",""
"2019","15000","Niigata-ken","1258424",""
"2019","16000","Toyama-ken","424759",""
"2019","17000","Ishikawa-ken","418605",""
"2019","18000","Fukui-ken","419052",""
"2019","19000","Yamanashi-ken","446527",""
"2019","20000","Nagano-ken","1356156",""
"2019","21000","Gifu-ken","1062129",""
"2019","22000","Shizuoka-ken","777735",""
"2019","23000","Aichi-ken","517306",""
"2019","24000","Mie-ken","577445",""
"2019","25000","Shiga-ken","401738",""
"2019","26000","Kyoto-fu","461220",""
"2019","27000","Osaka-fu","190529",""
"2019","28000","Hyogo-ken","840094",""
"2019","29000","Nara-ken","369094",""
"2019","30000","Wakayama-ken","472465",""
"2019","31000","Tottori-ken","350714",""
"2019","32000","Shimane-ken","670827",""
"2019","33000","Okayama-ken","711433",""
"2019","34000","Hiroshima-ken","847964",""
"2019","35000","Yamaguchi-ken","611253",""
"2019","36000","Tokushima-ken","414675",""
"2019","37000","Kagawa-ken","187679",""
"2019","38000","Ehime-ken","567616",""
"2019","39000","Kochi-ken","710364",""
"2019","40000","Fukuoka-ken","498651",""
"2019","41000","Saga-ken","244070",""
"2019","42000","Nagasaki-ken","413100",""
"2019","43000","Kumamoto-ken","740945",""
"2019","44000","Oita-ken","634076",""
"2019","45000","Miyazaki-ken","773533",""
"2019","46000","Kagoshima-ken","918708",""
"2019","47000","Okinawa-ken","228100",""
"2020","00000","Japan","37797641",""
"2020","01000","Hokkaido","8342444",""
"2020","02000","Aomori-ken","964564",""
"2020","03000","Iwate-ken","1527501",""
"2020","04000","Miyagi-ken","728229",""
"2020","05000","Akita-ken","1163752",""
"2020","06000","Yamagata-ken","932315",""
"2020","07000","Fukushima-ken","1378414",""
"2020","08000","Ibaraki-ken","609739",""
"2020","09000","Tochigi-ken","640809",""
"2020","10000","Gumma-ken","636228",""
"2020","11000","Saitama-ken","379775",""
"2020","12000","Chiba-ken","515757",""
"2020","13000","Tokyo-to","219403",""
"2020","14000","Kanagawa-ken","241611",""
"2020","15000","Niigata-ken","1258396",""
"2020","16000","Toyama-ken","424758",""
"2020","17000","Ishikawa-ken","418621",""
"2020","18000","Fukui-ken","419052",""
"2020","19000","Yamanashi-ken","446527",""
"2020","20000","Nagano-ken","1356156",""
"2020","21000","Gifu-ken","1062129",""
"2020","22000","Shizuoka-ken","777735",""
"2020","23000","Aichi-ken","517307",""
"2020","24000","Mie-ken","577449",""
"2020","25000","Shiga-ken","401738",""
"2020","26000","Kyoto-fu","461220",""
"2020","27000","Osaka-fu","190532",""
"2020","28000","Hyogo-ken","840102",""
"2020","29000","Nara-ken","369094",""
"2020","30000","Wakayama-ken","472465",""
"2020","31000","Tottori-ken","350714",""
"2020","32000","Shimane-ken","670789",""
"2020","33000","Okayama-ken","711433",""
"2020","34000","Hiroshima-ken","847965",""
"2020","35000","Yamaguchi-ken","611254",""
"2020","36000","Tokushima-ken","414675",""
"2020","37000","Kagawa-ken","187678",""
"2020","38000","Ehime-ken","567619",""
"2020","39000","Kochi-ken","710363",""
"2020","40000","Fukuoka-ken","498651",""
"2020","41000","Saga-ken","244069",""
"2020","42000","Nagasaki-ken","413098",""
"2020","43000","Kumamoto-ken","740946",""
"2020","44000","Oita-ken","634076",""
"2020","45000","Miyazaki-ken","773522",""
"2020","46000","Kagoshima-ken","918706",""
"2020","47000","Okinawa-ken","228259",""
"2021","00000","Japan","37797463",""
"2021","01000","Hokkaido","8342441",""
"2021","02000","Aomori-ken","964562",""
"2021","03000","Iwate-ken","1527501",""
"2021","04000","Miyagi-ken","728229",""
"2021","05000","Akita-ken","1163752",""
"2021","06000","Yamagata-ken","932313",""
"2021","07000","Fukushima-ken","1378414",""
"2021","08000","Ibaraki-ken","609724",""
"2021","09000","Tochigi-ken","640809",""
"2021","10000","Gumma-ken","636228",""
"2021","11000","Saitama-ken","379775",""
"2021","12000","Chiba-ken","515731",""
"2021","13000","Tokyo-to","219405",""
"2021","14000","Kanagawa-ken","241611",""
"2021","15000","Niigata-ken","1258395",""
"2021","16000","Toyama-ken","424754",""
"2021","17000","Ishikawa-ken","418620",""
"2021","18000","Fukui-ken","419052",""
"2021","19000","Yamanashi-ken","446527",""
"2021","20000","Nagano-ken","1356156",""
"2021","21000","Gifu-ken","1062129",""
"2021","22000","Shizuoka-ken","777728",""
"2021","23000","Aichi-ken","517315",""
"2021","24000","Mie-ken","577447",""
"2021","25000","Shiga-ken","401738",""
"2021","26000","Kyoto-fu","461220",""
"2021","27000","Osaka-fu","190534",""
"2021","28000","Hyogo-ken","840094",""
"2021","29000","Nara-ken","369094",""
"2021","30000","Wakayama-ken","472468",""
"2021","31000","Tottori-ken","350714",""
"2021","32000","Shimane-ken","670790",""
"2021","33000","Okayama-ken","711433",""
"2021","34000","Hiroshima-ken","847922",""
"2021","35000","Yamaguchi-ken","611255",""
"2021","36000","Tokushima-ken","414699",""
"2021","37000","Kagawa-ken","187692",""
"2021","38000","Ehime-ken","567612",""
"2021","39000","Kochi-ken","710360",""
"2021","40000","Fukuoka-ken","498686",""
"2021","41000","Saga-ken","244067",""
"2021","42000","Nagasaki-ken","413098",""
"2021","43000","Kumamoto-ken","740939",""
"2021","44000","Oita-ken","634070",""
"2021","45000","Miyazaki-ken","773500",""
"2021","46000","Kagoshima-ken","918642",""
"2021","47000","Okinawa-ken","228215",""
"2022","00000","Japan","37797326",""
"2022","01000","Hokkaido","8342381",""
"2022","02000","Aomori-ken","964595",""
"2022","03000","Iwate-ken","1527501",""
"2022","04000","Miyagi-ken","728229",""
"2022","05000","Akita-ken","1163752",""
"2022","06000","Yamagata-ken","932315",""
"2022","07000","Fukushima-ken","1378414",""
"2022","08000","Ibaraki-ken","609754",""
"2022","09000","Tochigi-ken","640809",""
"2022","10000","Gumma-ken","636228",""
"2022","11000","Saitama-ken","379775",""
"2022","12000","Chiba-ken","515674",""
"2022","13000","Tokyo-to","219405",""
"2022","14000","Kanagawa-ken","241632",""
"2022","15000","Niigata-ken","1258396",""
"2022","16000","Toyama-ken","424754",""
"2022","17000","Ishikawa-ken","418623",""
"2022","18000","Fukui-ken","419058",""
"2022","19000","Yamanashi-ken","446527",""
"2022","20000","Nagano-ken","1356156",""
"2022","21000","Gifu-ken","1062129",""
"2022","22000","Shizuoka-ken","777702",""
"2022","23000","Aichi-ken","517324",""
"2022","24000","Mie-ken","577448",""
"2022","25000","Shiga-ken","401738",""
"2022","26000","Kyoto-fu","461220",""
"2022","27000","Osaka-fu","190534",""
"2022","28000","Hyogo-ken","840094",""
"2022","29000","Nara-ken","369094",""
"2022","30000","Wakayama-ken","472469",""
"2022","31000","Tottori-ken","350713",""
"2022","32000","Shimane-ken","670786",""
"2022","33000","Okayama-ken","711477",""
"2022","34000","Hiroshima-ken","847900",""
"2022","35000","Yamaguchi-ken","611250",""
"2022","36000","Tokushima-ken","414699",""
"2022","37000","Kagawa-ken","187691",""
"2022","38000","Ehime-ken","567598",""
"2022","39000","Kochi-ken","710291",""
"2022","40000","Fukuoka-ken","498764",""
"2022","41000","Saga-ken","244067",""
"2022","42000","Nagasaki-ken","413099",""
"2022","43000","Kumamoto-ken","740918",""
"2022","44000","Oita-ken","634070",""
"2022","45000","Miyazaki-ken","773424",""
"2022","46000","Kagoshima-ken","918633",""
"2022","47000","Okinawa-ken","228215",""
